filename,blue_ball,purple_ball,red_ball
IMG_3534_JPG.rf.a17d90dd1bc3c045338a3e0a525bac47.jpg, 0, 0, 1
IMG_4073_JPG.rf.a29ffbe93b4a55de441a28f5c5f0fbd7.jpg, 0, 0, 1
frame_20240315_084550_329703_jpg.rf.a5aa0567fffee2845cabe6b499eb0020.jpg, 0, 0, 1
IMG_4384_JPG.rf.a33ac06f9525fae7f1376d36513a57c3.jpg, 1, 0, 0
IMG_4429_JPG.rf.a51bcca7c8c0260bb4306d472762123f.jpg, 1, 0, 0
IMG_4546_JPG.rf.a55ae2f66832b67e696b1f0bf412b91e.jpg, 1, 0, 0
IMG_3983_JPG.rf.a4bd7c7be29fbf6560344cb1562a3982.jpg, 0, 1, 0
IMG_3768_JPG.rf.a34ead43e20363eb96a2509778aca820.jpg, 0, 0, 1
IMG_4015_JPG.rf.a4f6f851e0a356dcb2203360082c7fef.jpg, 0, 0, 1
IMG_3992_JPG.rf.a491ddeffe10f42a701e39bec6a28b05.jpg, 0, 1, 0
IMG_3973_JPG.rf.a59f8fc3cecdb7e2caec07b64b653a98.jpg, 0, 1, 0
PXL_20240114_032202653_jpg.rf.a37bc7b1a7cbc459dac3f2e9cbd50cc3.jpg, 0, 1, 0
IMG_3729_JPG.rf.a3ab9f0201cdd3356f34101196eb0064.jpg, 0, 0, 1
frame_20240315_013215_107150_jpg.rf.a46b47570d1c9ebd97588e3ac879a47b.jpg, 0, 0, 1
frame_20240315_013511_727157_jpg.rf.a18065d644435578deae1189ea574e73.jpg, 0, 0, 1
IMG_4447_JPG.rf.a4decf42e79888f22dc1f0a5c47319f3.jpg, 1, 0, 0
frame_20240315_085037_177087_jpg.rf.a494df8924aad15d6f76d49fdbc9f8b0.jpg, 0, 0, 1
IMG_4148_JPG.rf.a15e0223051a49c94cec8da3b5a7115c.jpg, 0, 1, 0
IMG_4561_JPG.rf.a45ecbcb8bf7bad9db7aaaa5c501c802.jpg, 1, 0, 0
IMG_3696_JPG.rf.a5cba73b789e40d01a40196809419780.jpg, 0, 0, 1
IMG_4009_JPG.rf.a3615b7fea3691bac6f6bb5a52889e32.jpg, 0, 1, 0
IMG_4542_JPG.rf.a523f4dd84524c8c7f7cfe2d7d31f4f0.jpg, 1, 0, 0
IMG_3769_JPG.rf.a379e099bbcfe13dd719263d7efc8da4.jpg, 0, 0, 1
frame_20240315_013147_020264_jpg.rf.a63dd80490a27adb1be4e05325b33344.jpg, 0, 1, 0
IMG_4070_JPG.rf.a6482dd7086de203eb8191927fb2eb16.jpg, 0, 0, 1
IMG_3832_JPG.rf.a29734f85e4e71847f83a8bb9cde0776.jpg, 0, 1, 0
IMG_4501_JPG.rf.a5817520ca95fb4d01a17b040a84e989.jpg, 1, 0, 0
IMG_4467_JPG.rf.a6acbd9568a31a2d6bd8b244e18ce06e.jpg, 1, 0, 0
IMG_4004_JPG.rf.a5e41abdf9b3de2d327f88030b68e721.jpg, 0, 1, 0
IMG_3956_JPG.rf.a69bbfb1c37da030e5b5da3082e8bda3.jpg, 0, 1, 0
000115_jpg.rf.a49deaed67716c97ebbb66fbfec31673.jpg, 1, 0, 0
IMG_3713_JPG.rf.a64a5ebfff4db2008b8e3e08adcf8737.jpg, 0, 0, 1
IMG_20240211_190404_jpg.rf.a6de1cf1246260a12850cc28b3016dbd.jpg, 1, 0, 0
IMG_3714_JPG.rf.a772d5b30e780806aef5c7270367dcc0.jpg, 0, 0, 1
frame_20240315_013146_047088_jpg.rf.a82ba526ab871c3e04df2ecaee6c58e8.jpg, 0, 1, 0
PXL_20240114_032152281_jpg.rf.a85e243133211801e699f4c702306d74.jpg, 0, 1, 0
IMG_3596_JPG.rf.a936a02b9059b807a0d3bfdb35564386.jpg, 0, 0, 1
frame_20240315_084709_243611_jpg.rf.a7f1e7c651e5951a9c6795945b293b8a.jpg, 0, 0, 1
IMG_3702_JPG.rf.a6dd84819ba6725dbdf2555d71a8b56d.jpg, 0, 0, 1
frame_20240315_084723_807421_jpg.rf.a8b66f88d097743808b1212fe21c82f5.jpg, 0, 0, 1
IMG_3937_JPG.rf.aa5de8fe403140c62b7fc15d2e83aa60.jpg, 0, 1, 0
IMG_3520_JPG.rf.a983fba7859cbb057df9480fcb2c5533.jpg, 0, 0, 1
IMG_3590_JPG.rf.a9a824d1574b52f089eecc90775e6316.jpg, 0, 0, 1
IMG_3490_JPG.rf.a99a4f18b51a1d36c79b986383735f53.jpg, 0, 0, 1
IMG_3783_JPG.rf.a88c20ddfcb9457f1b0ef67b01b5da40.jpg, 0, 0, 1
IMG_3551_JPG.rf.ab014a1c962eb53000a276d5ad8c285e.jpg, 0, 0, 1
frame_20240315_084723_683925_jpg.rf.aae5db0b77a70e57bbe5aa813e4246ec.jpg, 0, 0, 1
frame_20240315_084709_527372_jpg.rf.aa4d91cae55c819f59f9360470deb7fe.jpg, 0, 0, 1
frame_20240315_013415_766531_jpg.rf.aba750cb43325ed4b2fca70e5c51149c.jpg, 0, 1, 0
IMG_3525_JPG.rf.aa9a7cecf966a2f970c722c58cc9b861.jpg, 0, 0, 1
IMG_3558_JPG.rf.aa94452ec64caed1d9a0e4a3de078fa0.jpg, 0, 0, 1
frame_20240315_013357_577588_jpg.rf.ab8f5b11dda8d9f9423b315f583f225e.jpg, 0, 0, 1
000150_jpg.rf.abc82103d8fb33fdbff3c6e1c497eba1.jpg, 1, 0, 0
IMG_3539_JPG.rf.ab9239b0fdce8de30a5d4776b8e9bd6d.jpg, 0, 0, 1
IMG_3988_JPG.rf.ac114c92b033f8de8f4bac667f308235.jpg, 0, 1, 0
frame_20240315_084608_448279_jpg.rf.acb7746d894dc847a7768dcf9b535010.jpg, 0, 0, 1
IMG_20240211_185450_jpg.rf.acf6d519c00c1b004d76722a82c1ed84.jpg, 1, 0, 0
IMG_3788_JPG.rf.acbc06d3f0a75ebe56bef093458bb501.jpg, 0, 0, 1
IMG_4475_JPG.rf.ae22ba893f4f28275d5153eec84d85b8.jpg, 1, 0, 0
IMG_3916_JPG.rf.ad17177f4111d5f009752814ec290b6e.jpg, 0, 1, 0
IMG_4548_JPG.rf.ac97acd939f94c4cbfe41498388d7b8d.jpg, 1, 0, 0
frame_20240315_013217_227863_jpg.rf.af0340705d98543e175b5b6a9e46bf1a.jpg, 0, 0, 1
IMG_4334_JPG.rf.ae47a1d378b5ae4986d9528423c007f0.jpg, 1, 0, 0
IMG_3656_JPG.rf.acd20a2c8b71d880cb5ed5c680f26c19.jpg, 0, 0, 1
IMG_4155_JPG.rf.adc2b582be936e005882769919cd92b6.jpg, 0, 1, 0
frame_20240315_084857_702471_jpg.rf.ae2095a07125fab976e9da291362cc28.jpg, 0, 0, 1
IMG_3865_JPG.rf.af42d38ad7bd653c9bccca12dd7d93de.jpg, 0, 1, 0
000267_jpg.rf.aedda182513c1c18e2330dbe5d79f74f.jpg, 1, 0, 0
IMG_20240211_190455_jpg.rf.aecfd281698a7ba4ce11fb449be60422.jpg, 1, 0, 0
frame_20240315_013251_818143_jpg.rf.aea9909794dbd38efe44ee82f8ec89df.jpg, 0, 1, 0
frame_20240315_013124_339366_jpg.rf.b022e2c91553b755944df86d2dc2c52d.jpg, 0, 1, 0
frame_20240315_084714_905753_jpg.rf.af71e8a882070497634aa033de5194aa.jpg, 0, 0, 1
frame_20240315_084554_055832_jpg.rf.ae756890cd127c6be330817c90fc5315.jpg, 0, 0, 1
PXL_20240114_031953317_jpg.rf.af29b7d1a6e7b8450fcb39e2b2f7e16a.jpg, 0, 1, 0
IMG_3553_JPG.rf.af570247197ae57b87786474bd6b1d1b.jpg, 0, 0, 1
IMG_4411_JPG.rf.af7589c03b4eec7998ef9ab7397b5ee9.jpg, 1, 0, 0
IMG_3964_JPG.rf.af4daac4b46152e29e1d69177b5f4aaf.jpg, 0, 1, 0
IMG_3863_JPG.rf.b01c11daed5f70938404e36851584c73.jpg, 0, 1, 0
frame_20240315_084727_051648_jpg.rf.b02ef8b99117e22be0eac0f0253e52db.jpg, 0, 0, 1
frame_20240315_084719_473720_jpg.rf.b06a04f048d744096ca385cc45853d9b.jpg, 0, 0, 1
IMG_3657_JPG.rf.b07399e1599fb5831cfadaf721f3090a.jpg, 0, 0, 1
IMG_3613_JPG.rf.b0825c0ed48d039534c9b99609eb53ee.jpg, 0, 0, 1
IMG_3583_JPG.rf.b11599670387a907459f35d787c93013.jpg, 0, 0, 1
frame_20240315_084700_242706_jpg.rf.b29711dfa0410eb42a95ce91e642734a.jpg, 0, 0, 1
IMG_4421_JPG.rf.b580fefe947dc6bf1a35a73d4460e667.jpg, 1, 0, 0
frame_20240315_084714_847198_jpg.rf.b39e2d50a3bb030c763077fd6fd1d1ff.jpg, 0, 0, 1
IMG_4328_JPG.rf.b3eac0dea0b7117881be6baea4e238ba.jpg, 1, 0, 0
IMG_3786_JPG.rf.b4daba5ccf7002f4eee7941e055bc86e.jpg, 0, 0, 1
IMG_4483_JPG.rf.b2b424007180ad8e3207eea612327d24.jpg, 1, 0, 0
frame_20240315_084947_408454_jpg.rf.b1eba69ef7f2fa803d67e4577c45e748.jpg, 0, 0, 1
frame_20240315_013214_653370_jpg.rf.b43c5211b0f9b6351daa75539a2b6c61.jpg, 0, 0, 1
frame_20240315_085024_712118_jpg.rf.b54e080668c09412de9cb74a83794247.jpg, 0, 0, 1
IMG_3747_JPG.rf.b26efe13c0a70f1933d5947e56e836bb.jpg, 0, 0, 1
IMG_4543_JPG.rf.b578afbc38601ac67532d5c9603e9999.jpg, 1, 0, 0
IMG_4392_JPG.rf.b6e3669ad9bea7e4cb20ab36d5714d40.jpg, 1, 0, 0
IMG_3743_JPG.rf.b58a29a419f78856359fbbda6afaf421.jpg, 0, 0, 1
frame_20240315_084605_143429_jpg.rf.b64c755be43f1f4955bba8c54629db49.jpg, 0, 0, 1
IMG_4405_JPG.rf.b6148a106e09076a2a161310838bab64.jpg, 1, 0, 0
IMG_3858_JPG.rf.b3d4c3dd1a9d14d16dd9244cd91e2d97.jpg, 0, 1, 0
IMG_3672_JPG.rf.b610fff21518b08fbd8e89ce88449c0c.jpg, 0, 0, 1
IMG_20240211_190005_jpg.rf.b760586ab1e86e903b8601728313740e.jpg, 1, 0, 0
IMG_4453_JPG.rf.b780fd02ffe11edbbc8d891cc95bb615.jpg, 1, 0, 0
IMG_3529_JPG.rf.b70e573c23bdb094ecea246ee37c46e1.jpg, 0, 0, 1
PXL_20240114_032050537_jpg.rf.b1cffffa93c7948bd459d9305699e2f8.jpg, 0, 1, 0
frame_20240315_013022_468119_jpg.rf.b6fde1a56ad6154d941adfd185b16491.jpg, 0, 0, 1
IMG_4486_JPG.rf.b8d6353a929205576bc02f69a920e5ec.jpg, 1, 0, 0
frame_20240315_013019_616195_jpg.rf.b7bbd69bd8c6060ed056571c3f08daa7.jpg, 0, 0, 1
IMG_3508_JPG.rf.b8d8de8fdd4cf802e33fef0e1dc62a4b.jpg, 0, 0, 1
frame_20240315_084601_783196_jpg.rf.b83ffec387c86b3b83eecc0cefdd38dc.jpg, 0, 0, 1
IMG_3585_JPG.rf.b790cef8983bf96424de91f00c4d2717.jpg, 0, 0, 1
IMG_4514_JPG.rf.b1c466eaa03e2c8f70c5f2e5e4971d8a.jpg, 1, 0, 0
IMG_3643_JPG.rf.b8692d7f26ba310cce9cf5008bc79b2b.jpg, 0, 0, 1
IMG_4409_JPG.rf.b9b8f9d3908a7031d82ff568b8dd237c.jpg, 1, 0, 0
IMG_3523_JPG.rf.b9c4ab8ab9d63081442177046c115629.jpg, 0, 0, 1
IMG_20240211_190339_jpg.rf.b8f6273a538b5bb8362ec5e1cb07bef7.jpg, 1, 0, 0
IMG_4554_JPG.rf.bae03f39fe17c88b1c60e7df6c5de3fe.jpg, 1, 0, 0
IMG_4465_JPG.rf.b9c81c78648eb6ac6b78f4bb7780ba31.jpg, 1, 0, 0
IMG_3623_JPG.rf.bbbd6404246d926ab45e259ca439a432.jpg, 0, 0, 1
IMG_3805_JPG.rf.b8cf1fba1b674d80a5902957306c5f8a.jpg, 0, 0, 1
frame_20240315_013156_565302_jpg.rf.bbf4f22e9e5908cabfc512bc30b8a2d1.jpg, 0, 0, 1
PXL_20240114_032049519_jpg.rf.ba54f2a4ef4ac40bd1682cf683b68959.jpg, 0, 1, 0
IMG_3547_JPG.rf.b797769631a14b9a57a718f61f72bf45.jpg, 0, 0, 1
IMG_3985_JPG.rf.bbdc9557c86b331b88735e15463afbe1.jpg, 0, 1, 0
IMG_3761_JPG.rf.ba93008f4b9c21bd9332c728d9db35a5.jpg, 0, 0, 1
IMG_4403_JPG.rf.bc27c8c447cf274267ea34461ebaa0b0.jpg, 1, 0, 0
IMG_3810_JPG.rf.bb6d06e74ffdab43500dc94ec51f37c2.jpg, 0, 0, 1
IMG_4381_JPG.rf.bbc56dbcec273928d6f40c423453d1b5.jpg, 1, 0, 0
IMG_4376_JPG.rf.b8b7ff750dae6b431bfb3c15d6c2781e.jpg, 1, 0, 0
frame_20240315_084914_050990_jpg.rf.bdba5f7a7190c68d2b64c555e8930d70.jpg, 0, 0, 1
IMG_3540_JPG.rf.bdc93a2e5ede25d61e0560f08b9460fd.jpg, 0, 0, 1
IMG_4426_JPG.rf.b9499595290232da2efa4a24042856c1.jpg, 1, 0, 0
IMG_3834_JPG.rf.be562194d7369479671203d7a517d910.jpg, 0, 1, 0
PXL_20240114_032046583_jpg.rf.be48fa8b6e4aabb8bdfe2245dd8e6e24.jpg, 0, 1, 0
IMG_3949_JPG.rf.badc0ec73ff81c66e92040301c992077.jpg, 0, 1, 0
IMG_3912_JPG.rf.be92f2d74acc0f5b42e948a6e3fb34b0.jpg, 0, 1, 0
frame_20240315_013022_408077_jpg.rf.be6ce863b7358d9f51c809bfdd7ed154.jpg, 0, 0, 1
000274_jpg.rf.bf1fa78931b23c340e9abd89c62cb2a7.jpg, 0, 0, 1
IMG_3837_JPG.rf.c05ca895d04cdf0d5422161fe0abe9d9.jpg, 0, 1, 0
frame_20240315_085041_655162_jpg.rf.c02affecbad7f820b804dd3b60f3da77.jpg, 0, 0, 1
IMG_3828_JPG.rf.be74a513ba6794ab7aaf393c7d1cd5bd.jpg, 0, 1, 0
IMG_4441_JPG.rf.bf95d58232084dbefc9caba0219a022a.jpg, 1, 0, 0
IMG_3546_JPG.rf.bf515f55bf92fbadf215d8e7ddfec3f3.jpg, 0, 0, 1
IMG_20240211_190616_jpg.rf.be3a9442fb07bfbdacf76ff583fa0de3.jpg, 1, 0, 0
000116_jpg.rf.c24a067d21eeadd118e764339206bcf2.jpg, 1, 0, 0
IMG_3706_JPG.rf.c02d28c01f9ff3549aeb372608650bbb.jpg, 0, 0, 1
IMG_4492_JPG.rf.c1d59c38292ec593cf0d1fcb9217002b.jpg, 1, 0, 0
IMG_3950_JPG.rf.bed72abaf6f7435cf22841f66e60c23e.jpg, 0, 1, 0
frame_20240315_084711_889881_jpg.rf.c0c68e898fcd2cc565ea9ba50e9bce6a.jpg, 0, 0, 1
IMG_3807_JPG.rf.bf88e8c1cbb6f2cd8d933dc2118f03ce.jpg, 0, 0, 1
IMG_4422_JPG.rf.c2ed9c3df2648cef3cd9375968d5bfec.jpg, 1, 0, 0
IMG_4147_JPG.rf.c2eaa1cd3cb770ad5f9f2ae23014a136.jpg, 0, 1, 0
frame_20240315_084909_497115_jpg.rf.c2a14bac84068696ac8f9d222dfe8c0c.jpg, 0, 0, 1
frame_20240315_084657_842381_jpg.rf.c061e643246a50922908488596de6b3e.jpg, 0, 0, 1
IMG_3514_JPG.rf.c292c4d56a0713558df5e245a3eb2bd8.jpg, 0, 0, 1
IMG_3844_JPG.rf.c06644f12cbf3fe17df45f3c91da330c.jpg, 0, 1, 0
IMG_3993_JPG.rf.c20e713e3bdec8806815680363c6c5ab.jpg, 0, 1, 0
IMG_3740_JPG.rf.c2e1174ce54d8f17924ddd98095bd90a.jpg, 0, 0, 1
IMG_3734_JPG.rf.c41a6feb46a0c01b67fec221ae9b2f3e.jpg, 0, 0, 1
IMG_4373_JPG.rf.beb3fb85c405e317ac96aa7fb33200ff.jpg, 1, 0, 0
IMG_4466_JPG.rf.c426b2de9ee48fcee7419109b5594ed7.jpg, 1, 0, 0
IMG_3645_JPG.rf.c35a4ba0732ca1ccffcfaeee41fc6f91.jpg, 0, 0, 1
frame_20240315_084703_210225_jpg.rf.c409d574cbac7733f64c8f8080988efe.jpg, 0, 0, 1
frame_20240315_013203_092107_jpg.rf.c41a6f8b85fc1b59c129dbc57e61d799.jpg, 0, 0, 1
IMG_4354_JPG.rf.c4581b255edab23d40f2b00bb01d4bbc.jpg, 1, 0, 0
PXL_20240114_032029320_jpg.rf.c54af168425a2169eb032a772f295d36.jpg, 0, 1, 0
IMG_3803_JPG.rf.c675a7ed9e80847ba691961973dc34ce.jpg, 0, 0, 1
IMG_3710_JPG.rf.c787d3378646de870a958b420e6626f9.jpg, 0, 0, 1
IMG_3742_JPG.rf.c556620f90441f72859b0812eba01a6b.jpg, 0, 0, 1
frame_20240315_084858_833169_jpg.rf.c610fc3d0ef1d816b1c1933db8bd47ea.jpg, 0, 0, 1
IMG_20240211_190530_jpg.rf.c813fbd8d4f33bd3e8ffdd3839dbefc0.jpg, 1, 0, 0
frame_20240315_084554_575555_jpg.rf.c7053d1b9ce9303033592e2ef22cf9a3.jpg, 0, 0, 1
IMG_4438_JPG.rf.c655761b7024cdc03b23bc3353444235.jpg, 1, 0, 0
000071_jpg.rf.c5ca2b66e365bd4418a8e878e679e31f.jpg, 1, 0, 0
frame_20240315_013312_971249_jpg.rf.c7d8cc19172412bec9de94bf6dd70412.jpg, 0, 0, 1
IMG_20240211_185639_jpg.rf.c93efd554aa4ee95e5d0ac24aaba9aeb.jpg, 1, 0, 0
IMG_4417_JPG.rf.c93a3332dd97c3a796a7c13956acc530.jpg, 1, 0, 0
frame_20240315_084633_321858_jpg.rf.c9712d525ecd541956c34ff145e68505.jpg, 0, 0, 1
IMG_3974_JPG.rf.c7027fb55be21b3ec15575710566ba78.jpg, 0, 1, 0
frame_20240315_084550_663200_jpg.rf.c9749921e1ca950e3a3b85dba19f09e0.jpg, 0, 0, 1
frame_20240315_084928_335809_jpg.rf.c7d7b961af6a05aeb682fecba1d325d3.jpg, 0, 0, 1
IMG_3959_JPG.rf.c4b608a37d061f17ba3fe3845db7c2c8.jpg, 0, 1, 0
PXL_20240114_031918561_jpg.rf.c93b379484e743d3b46871e350d118e8.jpg, 0, 1, 0
IMG_4410_JPG.rf.c95de22b35ad99ffb8c155a12824ec4a.jpg, 1, 0, 0
IMG_4142_JPG.rf.c9fabdad3323778a4746c3b55e662067.jpg, 0, 1, 0
IMG_3948_JPG.rf.c700433130f03bf2aa167b654e630de3.jpg, 0, 1, 0
frame_20240315_085019_094880_jpg.rf.ca1be9e9459ffe76fe112a2983ad1570.jpg, 0, 0, 1
IMG_3787_JPG.rf.c99976b03741e85eed327a97ebacf971.jpg, 0, 0, 1
IMG_4474_JPG.rf.c99e8431435041014038085830731b80.jpg, 1, 0, 0
frame_20240315_084637_233294_jpg.rf.c858c38eafb8284a55ff04adb253c143.jpg, 0, 0, 1
IMG_3638_JPG.rf.ca70df776fd4c56a713c37c6ae9b4979.jpg, 0, 0, 1
IMG_3913_JPG.rf.c80594e60609a259d66548e187204b7c.jpg, 0, 1, 0
IMG_4383_JPG.rf.ca89e50d07c77cc29e5262422cd702dc.jpg, 1, 0, 0
IMG_3625_JPG.rf.ca9a5f7724ffc2e7ed6d972683c5786e.jpg, 0, 0, 1
IMG_20240211_190510_jpg.rf.caa031af441a21b35a430867beb60f68.jpg, 1, 0, 0
IMG_3773_JPG.rf.cab97a864244744925be061432f5749e.jpg, 0, 0, 1
IMG_3798_JPG.rf.cbd003d162626d5de7c57dd9d7773a80.jpg, 0, 0, 1
IMG_4459_JPG.rf.cc93da7ad1d20f1d80efbe3c8be741da.jpg, 1, 0, 0
IMG_4470_JPG.rf.cb57f597b787f0151263cbb539eaa7b5.jpg, 1, 0, 0
IMG_3726_JPG.rf.caf23300c3a12ab66b5e4a9bc2f8dc1a.jpg, 0, 0, 1
IMG_3555_JPG.rf.cc8274cc67c325a78523006e0f892529.jpg, 0, 0, 1
IMG_3629_JPG.rf.cbe16c2ec2ab07291d8fc45c524ee4a8.jpg, 0, 0, 1
frame_20240315_084710_433806_jpg.rf.cce1545d1d5d7ac6b2c76b0443e729e8.jpg, 0, 0, 1
PXL_20240114_032018920_jpg.rf.cb6b68607bac4863c47645e88d6ce632.jpg, 0, 1, 0
frame_20240315_084703_333632_jpg.rf.cb32d4f8dfe1078f81a8561b8a62c424.jpg, 0, 0, 1
frame_20240315_084614_585564_jpg.rf.ccbc55008dfc4866d3e4661db50efc69.jpg, 0, 0, 1
IMG_20240211_190317_jpg.rf.cabe6d4b8aba80cb654d2e14821af58e.jpg, 1, 0, 0
000268_jpg.rf.cb53209bd570aa547ae20d8c6227dbf5.jpg, 1, 0, 0
IMG_3926_JPG.rf.cd702633a417f62598f0cd9b5cc9e228.jpg, 0, 1, 0
IMG_3715_JPG.rf.ccb70a16947c9beef7024d76c83b078f.jpg, 0, 0, 1
frame_20240315_084706_127645_jpg.rf.cdbbd544ad8b3809689d4ee898bb990d.jpg, 0, 0, 1
IMG_3870_JPG.rf.cd166aed387bc27e3c8390474584fe01.jpg, 0, 1, 0
IMG_3569_JPG.rf.cbf4635397a9089920a3c190119b53c3.jpg, 0, 0, 1
000152_jpg.rf.ce79280bbc748bda59a38f988a519bb9.jpg, 1, 0, 0
IMG_3762_JPG.rf.cc996063e334d6480e30f36a930d049d.jpg, 0, 0, 1
IMG_3935_JPG.rf.cb09ae17223688a375452d72d420fe67.jpg, 0, 1, 0
PXL_20240114_031956915_jpg.rf.ccd29c10786cddec622e5b0cbca421f7.jpg, 0, 1, 0
IMG_4357_JPG.rf.cd2044dfc9d61df368cf2562a2918dc0.jpg, 1, 0, 0
IMG_3509_JPG.rf.cc1b06dcbcd53d1dec12483adbc717a8.jpg, 0, 0, 1
IMG_3582_JPG.rf.ce10dad78469e8237c25c78c56f26a42.jpg, 0, 0, 1
IMG_4152_JPG.rf.cbe1b6c353a0b3dd53a332f596883613.jpg, 0, 1, 0
frame_20240315_013438_311550_jpg.rf.cf0dc77e0b24ea5972e80597e77976e4.jpg, 0, 0, 1
IMG_3718_JPG.rf.ceca63d08729eeaf3f215cecb825cc7e.jpg, 0, 0, 1
IMG_3906_JPG.rf.d0b9f43412539e3833f97ea395659ab0.jpg, 0, 1, 0
frame_20240315_013313_987317_jpg.rf.cec64281dfa9499d494d0dbb5c37d74d.jpg, 0, 0, 1
IMG_20240211_185812_jpg.rf.cdcc0f085c43f31a97b50e6a38d9e0a4.jpg, 1, 0, 0
IMG_4083_JPG.rf.d0d29859a12d3c7eda0c35cd639e21c1.jpg, 0, 1, 0
IMG_4134_JPG.rf.cf26fa5bd42ad9a519164a790abf62a0.jpg, 0, 1, 0
frame_20240315_084721_181279_jpg.rf.d08e2c7878264b0921c72f6de66a95c6.jpg, 0, 1, 0
IMG_3778_JPG.rf.d1c8dc2c2e80314dace338b82a30e378.jpg, 0, 0, 1
IMG_3797_JPG.rf.d1b3d62938b0e132eb6ec7e92b883862.jpg, 0, 0, 1
IMG_3606_JPG.rf.d093eab48ba3680e2c4d295cab40c532.jpg, 0, 0, 1
IMG_3568_JPG.rf.d3af3570d85b27ae4c9e1b79ff3234ab.jpg, 0, 0, 1
frame_20240315_084555_059349_jpg.rf.d3f3eba16c5c9a4792a99d724b93fbce.jpg, 0, 0, 1
IMG_4495_JPG.rf.d1e67246ea045dc745645dba7059467b.jpg, 1, 0, 0
IMG_3898_JPG.rf.d358cb195d68a8ab692c2378d7ece524.jpg, 0, 1, 0
IMG_4149_JPG.rf.d20d62d15f976e694bafc5e7003f7052.jpg, 0, 1, 0
PXL_20240114_031953816_jpg.rf.d1ccb81fd071299bb28116f60fa109f1.jpg, 0, 1, 0
PXL_20240114_032039577_jpg.rf.d21dbf096307bb163f6f4ffa395dd610.jpg, 0, 1, 0
frame_20240315_013414_022664_jpg.rf.d36a426285e6fc8c3ed3a6a458bf1e90.jpg, 0, 0, 1
IMG_20240211_185612_jpg.rf.d3c3b42c1e05d578485c192b37e53542.jpg, 1, 0, 0
IMG_4431_JPG.rf.d37f6bbba794a14c494134016d4c7cca.jpg, 1, 0, 0
IMG_3925_JPG.rf.d24feff0071b1aa52995c063aa11b433.jpg, 0, 1, 0
frame_20240315_084550_547178_jpg.rf.d11e4cc28ed028e9b288b125b9e5f1c4.jpg, 0, 0, 1
frame_20240315_084630_752434_jpg.rf.d37533a464f12d043cba87fcaab9125e.jpg, 0, 0, 1
IMG_3503_JPG.rf.d22abad3b50071924b10f280beb445aa.jpg, 0, 0, 1
IMG_3637_JPG.rf.d3b1265eaeef2451f6fe7aba0b04f7d8.jpg, 0, 0, 1
frame_20240315_084527_635137_jpg.rf.d40bb4c86a5a9d35aee4205bd9a96d23.jpg, 0, 0, 1
frame_20240315_084614_374601_jpg.rf.d3fa35b4ec16c2f56613f86235faddcb.jpg, 0, 0, 1
IMG_3888_JPG.rf.d44762400f90110fecd3cb7e860df824.jpg, 0, 1, 0
IMG_4555_JPG.rf.d46557b2d4d4b0a5db53f9b2189135fc.jpg, 1, 0, 0
IMG_3573_JPG.rf.d7311fc3eb14133cba7df8c744b26f03.jpg, 0, 0, 1
frame_20240315_084716_747234_jpg.rf.d5a9fee8d07425c1c689cb3ba57410ed.jpg, 0, 0, 1
IMG_3708_JPG.rf.d896c4ac8fd4ef4e47fea40f65a8d275.jpg, 0, 0, 1
IMG_3873_JPG.rf.d7ea40c0d68604f222f8625cc88eee45.jpg, 0, 1, 0
PXL_20240114_032101628_jpg.rf.d735d9c1265eb4bbb85f7b9006c1a244.jpg, 0, 1, 0
IMG_4389_JPG.rf.d89fe95bace4078de9e4736cefd4c9d9.jpg, 1, 0, 0
IMG_4131_JPG.rf.d5c259f373a24aaea270d05ace3488cd.jpg, 0, 1, 0
frame_20240315_084724_140976_jpg.rf.d60c34e52051d03e8a059703c9a6a000.jpg, 0, 0, 1
IMG_3779_JPG.rf.d7c8d73b2746283c691063f5366c0e4c.jpg, 0, 0, 1
IMG_4493_JPG.rf.d65890b4f1e692e0a0d1895e4a7816f3.jpg, 1, 0, 0
IMG_3799_JPG.rf.d776bbfae9d3b04e9505f67470e9d6c2.jpg, 0, 0, 1
IMG_3923_JPG.rf.d7b0c4c829fceb717336b044d478101f.jpg, 0, 1, 0
IMG_4519_JPG.rf.d7cbdb7ccf80ee98525e2199577bf068.jpg, 1, 0, 0
IMG_3531_JPG.rf.d524d5b91cbb3c62309e14e495d75809.jpg, 0, 0, 1
IMG_4564_JPG.rf.d69e668eef1ea299e7f6ef912758cf62.jpg, 1, 0, 0
frame_20240315_084627_475589_jpg.rf.d8d4dcc3a297fe88963c22ec66368cd8.jpg, 0, 0, 1
IMG_3727_JPG.rf.d8b502e542640b3de139c7fa59b52743.jpg, 0, 0, 1
IMG_4397_JPG.rf.d568abbe5898e3d7bdaee85138a1a205.jpg, 1, 0, 0
frame_20240315_084614_616753_jpg.rf.d914ad55f4777c1db9ac59a2c7b4b473.jpg, 0, 0, 1
IMG_3929_JPG.rf.d7abe7555529141c5d9f3ca1eabf63ed.jpg, 0, 1, 0
IMG_4351_JPG.rf.d571debbcd801cbadd7dc0256b9094fd.jpg, 1, 0, 0
frame_20240315_084905_621309_jpg.rf.d6d31b181f1bef710019cafae1206b1e.jpg, 0, 0, 1
frame_20240315_084909_466517_jpg.rf.d4d2241dd1b444065a5eaa042dcbea84.jpg, 0, 0, 1
PXL_20240114_032054505_jpg.rf.d64e50167c7056f3881061ea242398a0.jpg, 0, 1, 0
IMG_3755_JPG.rf.d75cdfee7f4cafa3d7a6b34e192602b5.jpg, 0, 0, 1
IMG_3649_JPG.rf.d5d19111b7e60f53ee530498ffec00f1.jpg, 0, 0, 1
IMG_4526_JPG.rf.d8ae89c96f70ea051cb4958bc71cfc08.jpg, 1, 0, 0
frame_20240315_013255_682519_jpg.rf.d814fd0390daac70900c36c9edf2fb60.jpg, 0, 1, 0
IMG_3489_JPG.rf.d53fd07cc5d96f5c99f2c72b734621ea.jpg, 0, 0, 1
IMG_3838_JPG.rf.daa2d407f10473109f656edda7384345.jpg, 0, 1, 0
IMG_20240211_185520_jpg.rf.dabc5306718c2d119155d57295eba2d8.jpg, 1, 0, 0
PXL_20240114_032038345_jpg.rf.d93e8861b7c6276f1afce5bda02fddb7.jpg, 0, 1, 0
IMG_3915_JPG.rf.daba2a14d10c87c3b3c247b3b3222490.jpg, 0, 1, 0
IMG_3580_JPG.rf.d9e3fa65adb43bc792c30cf55a45486a.jpg, 0, 0, 1
IMG_4497_JPG.rf.db3af8e58a939d31e8c4ed4e5ea9edc2.jpg, 1, 0, 0
frame_20240315_084711_090377_jpg.rf.dabed5c29423be71c46c4ffb9b20dcd8.jpg, 0, 0, 1
IMG_3515_JPG.rf.db1a7d2be18c9c0671760ddf974f33ba.jpg, 0, 0, 1
IMG_4151_JPG.rf.dbc1547d0b160040e750c5c07169854f.jpg, 0, 1, 0
IMG_4074_JPG.rf.dca9d7dfa90a60860f5a66ab93872aa7.jpg, 0, 0, 1
frame_20240315_013217_572143_jpg.rf.dcb1d4b72ff090ed04414081ed1a1e97.jpg, 0, 0, 1
IMG_3605_JPG.rf.dc1bd5891ad82686b2e8b4801b029099.jpg, 0, 0, 1
000149_jpg.rf.dd25d38baebb052d772c9de7ebe78c35.jpg, 1, 0, 0
IMG_20240211_190148_jpg.rf.dc8c75378877bb09d68acdacf61770b2.jpg, 1, 0, 0
frame_20240315_084858_802154_jpg.rf.dd220348e7afd5ec48c4be93a8f69c0c.jpg, 0, 0, 1
IMG_3510_JPG.rf.dcbeac03d2688c4b77cf17e1c55bd9fd.jpg, 0, 0, 1
frame_20240315_013122_486690_jpg.rf.dbb250fdc81a2b3ab4addf83a4bdb075.jpg, 0, 1, 0
IMG_3785_JPG.rf.dd638780540e71fc9cf9a9667b77eb02.jpg, 0, 0, 1
IMG_3764_JPG.rf.dceeb7ada24e9522e2e2fcd6b0c51fcd.jpg, 0, 0, 1
IMG_3594_JPG.rf.dc342680ef54d3845f102c699044ab1d.jpg, 0, 0, 1
IMG_3591_JPG.rf.dc3772c090e1adceb7dc78c8598e080f.jpg, 0, 0, 1
IMG_3644_JPG.rf.dd2d080973068b7d7cce96a59c90f1ed.jpg, 0, 0, 1
PXL_20240114_032136143_jpg.rf.dd5c60fe5c0ee4d2293c026a74d0d2b6.jpg, 0, 1, 0
IMG_4515_JPG.rf.ddeeb3d56a994448f5c1735c3a164ad2.jpg, 1, 0, 0
000086_jpg.rf.dd24d740d1b523742fe04efee5b958ac.jpg, 0, 0, 1
frame_20240315_013123_143319_jpg.rf.de56d0b5eb882ab3c3e7b4a483b629ec.jpg, 0, 1, 0
IMG_3955_JPG.rf.ddde61a112e0bf3a2e0c9991973fae25.jpg, 0, 1, 0
IMG_3879_JPG.rf.dd89bc049562a3b5f6acb2349adee045.jpg, 0, 1, 0
IMG_3556_JPG.rf.de6fe7c0ac5375566fbf125e3fec70e9.jpg, 0, 0, 1
IMG_3800_JPG.rf.dd65a7aa025a9ea463f6aa6f64e4a7c9.jpg, 0, 0, 1
frame_20240315_013151_289415_jpg.rf.df0b3f1c2ea1ac61b3bffaff5d31525a.jpg, 0, 1, 0
IMG_3615_JPG.rf.de58809bb149e8a4c751ea5109466d08.jpg, 0, 0, 1
IMG_3922_JPG.rf.dfd06c66b16f0a876ec1016c44efca1b.jpg, 0, 1, 0
PXL_20240114_032154673_jpg.rf.e1d22fdb2f41c43194357605e44b9259.jpg, 0, 1, 0
IMG_3567_JPG.rf.dfbd20f63885f1088428238a1997e9e5.jpg, 0, 0, 1
IMG_3648_JPG.rf.df3f3468c63315aa7b87199c1779ebb3.jpg, 0, 0, 1
frame_20240315_013157_549628_jpg.rf.e0227172ad44a9c072b2066941e85943.jpg, 0, 0, 1
frame_20240315_084909_045237_jpg.rf.df687f33b1a396ab01350a0ba455971f.jpg, 0, 0, 1
IMG_4442_JPG.rf.dfe8dc0b762526b321de30c3f244f852.jpg, 1, 0, 0
IMG_4053_JPG.rf.dfa22f419a21759016a48fdbad902495.jpg, 0, 1, 0
IMG_4154_JPG.rf.dedb0fd762ad47f53d0cd95075f5869e.jpg, 0, 1, 0
IMG_20240211_185750_jpg.rf.e20b919e228626198c4a7673efb91886.jpg, 1, 0, 0
000386_jpg.rf.deb98a9b19ef12e6899a60c33024b4dd.jpg, 1, 0, 0
IMG_3830_JPG.rf.e1e6254f7803a764b0ad2638ad7d4202.jpg, 0, 1, 0
IMG_3878_JPG.rf.e1dea365a4cbc5f21d2b8396d419b63c.jpg, 0, 1, 0
IMG_3717_JPG.rf.e24d7a7607f66c7f2335387713274399.jpg, 0, 0, 1
IMG_4464_JPG.rf.deacfc555f8f161dac6b836a92e2c0eb.jpg, 1, 0, 0
frame_20240315_084549_444383_jpg.rf.e1a25e12616429593ea57cc4a6023933.jpg, 1, 0, 0
IMG_4065_JPG.rf.e1eb3527eec6075951e1e20d774ba61f.jpg, 0, 1, 0
IMG_3655_JPG.rf.e2e37cdf8b7ab46b29d6667e0f79a65c.jpg, 0, 0, 1
IMG_20240211_190424_jpg.rf.e2ed0f8b0c30223b71aa84749d364b75.jpg, 1, 0, 0
IMG_3804_JPG.rf.e0731a26c74fddbd2a1b454557130f39.jpg, 0, 0, 1
IMG_3532_JPG.rf.e37435628e48c3d91e5beaf938908257.jpg, 0, 0, 1
IMG_4347_JPG.rf.e397a147f8fb90dd22af81f861e1a721.jpg, 1, 0, 0
IMG_3823_JPG.rf.e1377571dabdbca85959748a7acb35c3.jpg, 0, 1, 0
frame_20240315_084555_338426_jpg.rf.e47622fb196ef10fbca71dd6ab368e32.jpg, 0, 0, 1
IMG_3688_JPG.rf.e412a70eeef33e5abea76c48abee0ebd.jpg, 0, 0, 1
IMG_4342_JPG.rf.e478cd6888936f2be87ce70399adba1e.jpg, 1, 0, 0
IMG_3498_JPG.rf.e703b069acff05a556b62cac94d54083.jpg, 0, 0, 1
IMG_3826_JPG.rf.e4518ffb832dd07f73e926bf5ff9982b.jpg, 0, 1, 0
IMG_4001_JPG.rf.e4a884c63cd71fb2ddee407794b7f1f3.jpg, 0, 1, 0
frame_20240315_013157_214218_jpg.rf.e5a7fcf81f02486ee29748d38c6e0214.jpg, 0, 0, 1
frame_20240315_013136_643862_jpg.rf.e56745b15d9570af41dbcf6e07df99b0.jpg, 0, 0, 1
IMG_20240211_190252_jpg.rf.e72ac468eeb3a520893bf4ad2717a33a.jpg, 1, 0, 0
PXL_20240114_032149260_jpg.rf.e5ea270635215ac562c0d0a9a80ab0e6.jpg, 0, 1, 0
IMG_4393_JPG.rf.e52fc1b0f8bbe3cdf4eec25b1faf0d52.jpg, 1, 0, 0
IMG_3609_JPG.rf.e54bf8975190e79120fdd6cfcc5731e3.jpg, 0, 0, 1
frame_20240315_084723_225028_jpg.rf.e595a7f081c6062c28f72f62f4d73d1d.jpg, 0, 0, 1
IMG_3557_JPG.rf.e75e9a1a4596a70d9223395139dda507.jpg, 0, 0, 1
IMG_4539_JPG.rf.e652100a0499b35ddd2d469e02c5db0c.jpg, 1, 0, 0
IMG_3918_JPG.rf.e84428abca27027b84129432e4a9cc12.jpg, 0, 1, 0
IMG_20240211_185554_jpg.rf.e7281b49170462bface7f68c4ef18c86.jpg, 1, 0, 0
frame_20240315_084550_816972_jpg.rf.e6922e0d8c60ef9787a2bdc2d2b5acb4.jpg, 0, 0, 1
IMG_3958_JPG.rf.e832472a5520c70c30acb5a1795425ce.jpg, 0, 1, 0
IMG_3846_JPG.rf.e607183830d973eed79c1667621a8ac1.jpg, 0, 1, 0
IMG_4437_JPG.rf.e7dec9719628907c0da835683a46cefa.jpg, 1, 0, 0
000084_jpg.rf.e6f2982e89ab876c2b359fc1054b58b4.jpg, 0, 0, 1
PXL_20240114_032102648_jpg.rf.e7446c694c012740c39a6c141a36d56f.jpg, 0, 1, 0
frame_20240315_084905_806614_jpg.rf.e7190822280d63e89dc97342a23a7213.jpg, 0, 0, 1
frame_20240315_013419_049468_jpg.rf.e9156705b14e4ee5ff0d6f15045a60a5.jpg, 0, 1, 0
IMG_3911_JPG.rf.e97d4b09ffdb36464815727a04b40845.jpg, 0, 1, 0
frame_20240315_013357_545164_jpg.rf.e98f53b34c72a74872df8d444e846272.jpg, 0, 0, 1
IMG_3750_JPG.rf.e9cc3229fd47b8d910c10fb71535137d.jpg, 0, 0, 1
IMG_3780_JPG.rf.e9e7028fd21adfd6ccfce29e4c42ba24.jpg, 0, 0, 1
IMG_3775_JPG.rf.eaa2234bc214f8f062bf05e08737a682.jpg, 0, 0, 1
frame_20240315_084716_840920_jpg.rf.ee09e0efd0461f6562fe208e6e8266cc.jpg, 0, 0, 1
frame_20240315_084700_271784_jpg.rf.eb6dd59d13e6629374ecc206d12429fb.jpg, 0, 0, 1
IMG_4064_JPG.rf.ea95d6b03fbc5a846f2bc4c290a0cc4f.jpg, 0, 1, 0
IMG_3521_JPG.rf.eb265339bbad3dbb46ad99fb71034637.jpg, 0, 0, 1
frame_20240315_084909_773406_jpg.rf.ed1042f0c4c3b68f43dd76ac259125ec.jpg, 0, 0, 1
IMG_4478_JPG.rf.ec07b1b8b2d55d9a4bf8380a04f24b54.jpg, 1, 0, 0
IMG_4012_JPG.rf.ec901ad842492fc2a85fdd03a4ce01fa.jpg, 0, 1, 0
IMG_3593_JPG.rf.ed8ee2b76f5c18e349a29cee2900edd6.jpg, 0, 0, 1
PXL_20240114_032155770_jpg.rf.ec352fac269e448e6c1a571ac3223a0f.jpg, 0, 1, 0
frame_20240315_084931_222016_jpg.rf.ecd8e7aaa111bb8ddb6f62bfc76ea1fe.jpg, 0, 0, 1
frame_20240315_013314_655200_jpg.rf.ee777821921d452b3a7f3737d115d86e.jpg, 0, 0, 1
000046_jpg.rf.edbc12fa12b11cb24188dbd4cbecbd3e.jpg, 1, 0, 0
IMG_3577_JPG.rf.eeb8c7c33aa00ac7c40eb41050fac6b1.jpg, 0, 0, 1
IMG_3952_JPG.rf.ec2df607a923ff37b50c673b619fdbcd.jpg, 0, 1, 0
IMG_4552_JPG.rf.ef7f932a33d2f71efc68e3cb36839820.jpg, 1, 0, 0
IMG_3744_JPG.rf.ed0f0b01df6374140a7f6aea034e78dc.jpg, 0, 0, 1
frame_20240315_084857_612115_jpg.rf.eea5271d7d56ec24853d5882042bdd15.jpg, 0, 0, 1
frame_20240315_084723_866712_jpg.rf.ebadc579a48ef8bc23060de5e1ecbd08.jpg, 0, 0, 1
frame_20240315_084549_984624_jpg.rf.eddd2436082b7488866a787c48d44e85.jpg, 0, 1, 0
frame_20240315_084935_646642_jpg.rf.eddc68952b46f7d66eab5964ef312930.jpg, 0, 1, 0
IMG_4378_JPG.rf.ecfb393eef34c674dd1584badd114651.jpg, 1, 0, 0
IMG_4336_JPG.rf.ee68ca5d804655106ea0d3c43ae4b97d.jpg, 1, 0, 0
IMG_3963_JPG.rf.ee90bbef9cda355285c45551d56662f5.jpg, 0, 1, 0
IMG_3967_JPG.rf.ef0bb13ac2107788baaf491a57e3c91e.jpg, 0, 1, 0
IMG_3968_JPG.rf.ef43ae02ddc002d2f892acfa9f064492.jpg, 0, 1, 0
IMG_3641_JPG.rf.f0e5af84e5c2a732b743fc9d15773b77.jpg, 0, 0, 1
PXL_20240114_032001785_jpg.rf.f1dc5de3729b93b450718938d8846f18.jpg, 0, 1, 0
frame_20240315_084709_188976_jpg.rf.f00203ebdd647a02350c0c52a919d391.jpg, 0, 0, 1
IMG_3843_JPG.rf.f15c321681eeb25e098c71b1729b1cff.jpg, 0, 1, 0
IMG_3620_JPG.rf.f218cee5b4ed3a1aded9b515c9f5c94b.jpg, 0, 0, 1
PXL_20240114_032036429_jpg.rf.f0d0ea987f79ae06d187a541624bcb39.jpg, 0, 1, 0
frame_20240315_084600_982654_jpg.rf.f1a3c0b130bb874d0f9df4dd95c31816.jpg, 0, 0, 1
PXL_20240114_032215222_jpg.rf.f249d21700b1ebb0ac79a5e133b3a064.jpg, 0, 1, 0
IMG_4529_JPG.rf.f1964e762fdd81b111d5f9900130c12f.jpg, 1, 0, 0
IMG_20240211_190448_jpg.rf.f2ecbb51b226aafd4c238039d2aadcfb.jpg, 1, 0, 0
IMG_3496_JPG.rf.f24b0572ad77443c193b45aa54ba72b8.jpg, 0, 0, 1
frame_20240315_084551_309431_jpg.rf.f2216eca325c433d31c763a849fbe1b0.jpg, 0, 0, 1
IMG_3512_JPG.rf.f2dd3327dd561cd5ad6a1c3a47c70507.jpg, 0, 0, 1
frame_20240315_013156_319826_jpg.rf.f37d10e98be03388d8a7e343f23cf003.jpg, 0, 0, 1
frame_20240315_084556_097771_jpg.rf.f2f9982624b9f3614a93955bba48e1b0.jpg, 0, 0, 1
PXL_20240114_032152908_jpg.rf.f19585960f1a81747d291e8d3e0bb077.jpg, 0, 1, 0
IMG_3951_JPG.rf.f391ba8254ae5f598a5e1c2e45240e35.jpg, 0, 1, 0
IMG_3984_JPG.rf.f3523b080ec669f19634adfd36264408.jpg, 0, 1, 0
IMG_3979_JPG.rf.f39aad2fa44f5d3ae2d5dabb48907b01.jpg, 0, 1, 0
frame_20240315_013022_437262_jpg.rf.f3a9e0784a69b1da3a6539aa19022c71.jpg, 0, 0, 1
frame_20240315_013505_394545_jpg.rf.f272986528869a9881197668ddb6b23e.jpg, 0, 1, 0
frame_20240315_013430_475066_jpg.rf.f318cea30c8d9df00bd9789830df23a6.jpg, 0, 0, 1
frame_20240315_084644_508388_jpg.rf.f2d8116d948b235ab6101b5439095c2c.jpg, 0, 0, 1
IMG_3902_JPG.rf.f3a9e19fbb04092ee6d886da26e08d30.jpg, 0, 1, 0
IMG_3976_JPG.rf.f32ab93718d15611d7a78de448e35f2a.jpg, 0, 1, 0
frame_20240315_013418_363085_jpg.rf.f33291b6213c90f60ffbdeac9421063f.jpg, 0, 1, 0
IMG_3754_JPG.rf.f3d6795eb5b209c47ec17f042edf1c64.jpg, 0, 0, 1
IMG_4370_JPG.rf.f5302a2fe9cf98053fac4883e8784276.jpg, 1, 0, 0
IMG_4355_JPG.rf.f47df64c4e660886bbf954bad5b70620.jpg, 1, 0, 0
frame_20240315_013123_910285_jpg.rf.f49cb376243f745c5121a64a3cf8b0b8.jpg, 0, 1, 0
frame_20240315_084614_281781_jpg.rf.f402db72be615da879c9897cd944e2ae.jpg, 0, 0, 1
IMG_3698_JPG.rf.f939e710a51be43aec1278fc27580900.jpg, 0, 0, 1
IMG_3892_JPG.rf.f3d8cce59de096a07d4f1415f901e429.jpg, 0, 1, 0
IMG_3848_JPG.rf.f6402e6be4c00349c29f5f7216faa0f7.jpg, 0, 1, 0
IMG_3781_JPG.rf.f4641d54654d65c883f3f06b3e242ff0.jpg, 0, 0, 1
IMG_3939_JPG.rf.f7d6f21e89259b89b3535e10121f1ed4.jpg, 0, 1, 0
IMG_20240211_190504_jpg.rf.f5f24dbbaa303a6f1a9f8273eaaa118e.jpg, 1, 0, 0
IMG_3756_JPG.rf.f6750c3cd902f13f3f5b276ad4bbd2d1.jpg, 0, 0, 1
frame_20240315_013154_396548_jpg.rf.f49e1ae123ed7e7c0c5679214c422985.jpg, 0, 0, 1
frame_20240315_084700_061394_jpg.rf.f6722ecb659713361aac9093f5002eed.jpg, 0, 0, 1
IMG_3970_JPG.rf.f8a9d4b5382cdf5aaffddf0c1ab4f343.jpg, 0, 1, 0
IMG_3565_JPG.rf.f9671ac7ae64fbcb91c9c6bb216af048.jpg, 0, 0, 1
frame_20240315_013357_666526_jpg.rf.f7e94240283109e5cf45b26b3ab96ff0.jpg, 0, 0, 1
frame_20240315_084555_304243_jpg.rf.f7f467bd59a2339caa9424d08a6fa42c.jpg, 0, 0, 1
frame_20240315_013137_989539_jpg.rf.f5344a9b6ff674722bfbc5fd23fa6b67.jpg, 0, 0, 1
frame_20240315_084712_011363_jpg.rf.f95c394c62d74c7b0afc657521468480.jpg, 0, 0, 1
frame_20240315_084608_325022_jpg.rf.f65a9d31189673254e498400f5d2e4f5.jpg, 0, 0, 1
IMG_3875_JPG.rf.f972c0ab674c6381e4c0549f48d2dc72.jpg, 0, 1, 0
IMG_4484_JPG.rf.f9fd28b7ff80a4066ded0d71843b36ad.jpg, 1, 0, 0
frame_20240315_084636_932133_jpg.rf.f68de262597a3cb2acf41bb0ff3b935e.jpg, 0, 0, 1
frame_20240315_084721_244424_jpg.rf.f791003d97758ec8bc568950aec476dc.jpg, 0, 1, 0
IMG_4547_JPG.rf.f80f8b544309f9cb9e34faab524a3e50.jpg, 1, 0, 0
IMG_3499_JPG.rf.f7209919b2cf53cac75350a43fdde216.jpg, 0, 0, 1
IMG_4522_JPG.rf.fab0ec72cfd6c9ddf837af4ff642af68.jpg, 1, 0, 0
IMG_3931_JPG.rf.faf8e97f07e285657d9379f7e5c917dc.jpg, 0, 1, 0
frame_20240315_084657_783417_jpg.rf.fcf39fdc9f5f91a870978a968e41b646.jpg, 0, 0, 1
IMG_3640_JPG.rf.fb64b02de1bc6aa68c54ec2a29b9d528.jpg, 0, 0, 1
frame_20240315_013438_811863_jpg.rf.fe364c86f3d8c95b45ae8c2bd434954a.jpg, 0, 0, 1
IMG_3704_JPG.rf.fb2165f37d304bce6816d342fa40c7a0.jpg, 0, 0, 1
IMG_4523_JPG.rf.fb0fc8e0180dd8d51299a988a3776cf0.jpg, 1, 0, 0
PXL_20240114_032053059_jpg.rf.fafb9c1f59fbc7ecefe7283a9beabdfe.jpg, 0, 1, 0
IMG_4418_JPG.rf.fd33728042514de8bd90f4de67c63387.jpg, 1, 0, 0
frame_20240315_084608_571419_jpg.rf.fc09d5abd264e797778c65437c8755a4.jpg, 0, 0, 1
frame_20240315_013204_739730_jpg.rf.fc1bf819b85274c53840325e3a091ff5.jpg, 0, 0, 1
frame_20240315_084550_791917_jpg.rf.feb663dc4e9619b35131e95241893221.jpg, 0, 0, 1
PXL_20240114_032056377_jpg.rf.fe3ff68c8e126888ed9c61a0ca5ebc9f.jpg, 0, 1, 0
IMG_4444_JPG.rf.feda487d83fadc16a87408a364a8c731.jpg, 1, 0, 0
IMG_4485_JPG.rf.fecc6cd9e75785841408547bd20f380b.jpg, 1, 0, 0
IMG_20240211_190256_jpg.rf.ff99fe276c655bec5926c5f7ce877210.jpg, 1, 0, 0
IMG_4469_JPG.rf.ffc6abd853532e124567acc65523e407.jpg, 1, 0, 0
frame_20240315_013149_016164_jpg.rf.6d3fd9fe8a9520157858642451cbe5a4.jpg, 0, 1, 0
frame_20240315_084858_741238_jpg.rf.6a539e1b8187924b8b1396b7a6a332e5.jpg, 0, 0, 1
IMG_3791_JPG.rf.6af4843551f2c7697b9c2c2282648bab.jpg, 0, 0, 1
IMG_3690_JPG.rf.6ea1f1ca9c4ae01deda36a7bccf922de.jpg, 0, 0, 1
IMG_3687_JPG.rf.6c8d01d34bb3e6bdb82172c1d6698120.jpg, 0, 0, 1
IMG_3831_JPG.rf.6a8ed815d24fcc3a00fecda36888199b.jpg, 0, 1, 0
frame_20240315_084859_050381_jpg.rf.6b28853f289b0d493fec629736402a3e.jpg, 0, 0, 1
IMG_4534_JPG.rf.6f8b028cf020cabfb953d74b72c59752.jpg, 1, 0, 0
IMG_4565_JPG.rf.6b8984b74a65c1ca2dfd78fabb65e149.jpg, 1, 0, 0
IMG_3868_JPG.rf.6e8c2d12b7afbdb0f6e496411a32a155.jpg, 0, 1, 0
000215_jpg.rf.6eb06b487038780c15a11efdc5a33af7.jpg, 0, 1, 0
IMG_4348_JPG.rf.6f4c03b21cfa7bb7ffd192dbcee4be52.jpg, 1, 0, 0
IMG_3904_JPG.rf.6b5f9435813a0277735d1e775cd565b8.jpg, 0, 1, 0
IMG_3548_JPG.rf.6e890e9be1827685d0a1d5a087b1eb8d.jpg, 0, 0, 1
frame_20240315_013507_276236_jpg.rf.6b5c78b3ef132751715717e541237a1f.jpg, 0, 0, 1
IMG_3861_JPG.rf.6f9f33742917d9ea8fe70b154847db2c.jpg, 0, 1, 0
frame_20240315_013126_069385_jpg.rf.6b071ae7b4455a575d073281afaa40e5.jpg, 0, 1, 0
IMG_20240211_185836_jpg.rf.6cea0902c40c1db3d55e16dbc9a03313.jpg, 1, 0, 0
IMG_20240211_190250_jpg.rf.6ca434140aff2b133a2f9c453c9f2657.jpg, 1, 0, 0
IMG_4503_JPG.rf.6a87ff6a2ecda5055ede1470d3cfdaf1.jpg, 1, 0, 0
IMG_4066_JPG.rf.70044a388c96e3fad1137be3d83028d3.jpg, 0, 1, 0
IMG_3674_JPG.rf.6f78d2d942c83228e28732492d5764ee.jpg, 0, 0, 1
IMG_3560_JPG.rf.6fd0a9bda821208034f6f74510951c12.jpg, 0, 0, 1
frame_20240315_084555_398713_jpg.rf.6dfa7f90a2d44bc6123226aeded51760.jpg, 0, 0, 1
IMG_4461_JPG.rf.6b62f8415cafb9cd28f301d80f10f5a6.jpg, 1, 0, 0
IMG_3630_JPG.rf.6fc8d584aeece9263dfbd116bc912a3c.jpg, 0, 0, 1
frame_20240315_084932_989974_jpg.rf.70bdb06f8f19286457dcbfeeb9cccebc.jpg, 0, 0, 1
frame_20240315_013255_176914_jpg.rf.706930afd2eb5ca15ebaa87e6eab56e8.jpg, 0, 1, 0
PXL_20240114_031959018_jpg.rf.70ca327f2a1ccaebd484d3443c1d7ddf.jpg, 0, 1, 0
IMG_3765_JPG.rf.6c9a4076d178f4c7760366b8aea6162c.jpg, 0, 0, 1
IMG_3513_JPG.rf.70c326e2d6f5cce607adde2579ad0d20.jpg, 0, 0, 1
frame_20240315_013325_577621_jpg.rf.712fd20b783a0e3d55b7e39ca88fe4e8.jpg, 0, 0, 1
IMG_3758_JPG.rf.71d8b1b731b420de673812f6c3a46331.jpg, 0, 0, 1
frame_20240315_084636_079264_jpg.rf.716b4d2c3941419ddf9b3c02d2a86871.jpg, 0, 0, 1
IMG_4349_JPG.rf.7327257cbc796257f2c389acd7c37233.jpg, 1, 0, 0
frame_20240315_084858_287669_jpg.rf.71871b787358043ac5cf948a0c22ef8e.jpg, 0, 0, 1
IMG_4387_JPG.rf.735cf5ee02b8964268d381f5afb95a33.jpg, 1, 0, 0
PXL_20240114_031955453_jpg.rf.721c2f42fddb162e77c9fa1b3e588cc7.jpg, 0, 1, 0
IMG_4375_JPG.rf.72001e5f7b77cbb4f806a76808dcb0f9.jpg, 1, 0, 0
IMG_4520_JPG.rf.72322abf0d73645de5741c37fa087196.jpg, 1, 0, 0
IMG_3647_JPG.rf.72ae46d1dbcffbb91d7cd38e2a3f259d.jpg, 0, 0, 1
frame_20240315_013127_054932_jpg.rf.726d96eab966300c281de0343e129db8.jpg, 0, 1, 0
IMG_3802_JPG.rf.73d8d84c380df5333089f7f626f5232a.jpg, 0, 0, 1
IMG_4488_JPG.rf.737296223526b3db245139eb4162cd47.jpg, 1, 0, 0
frame_20240315_013507_604573_jpg.rf.7364cf0c1b5b805af612ac6bd1400865.jpg, 0, 0, 1
frame_20240315_084717_054189_jpg.rf.74e646081f35bb762a1a9693a8cd69dc.jpg, 0, 0, 1
IMG_4352_JPG.rf.73bb0b35a5848a863824c370ba7cc583.jpg, 1, 0, 0
IMG_4532_JPG.rf.74c384974ddbd122a0fa1cbc8527d4de.jpg, 1, 0, 0
IMG_3770_JPG.rf.751cd8ed034aa046cd90cbfcc618806c.jpg, 0, 0, 1
IMG_20240211_190501_jpg.rf.753b465e40d0db2842bab183032cbbfb.jpg, 1, 0, 0
IMG_3554_JPG.rf.75e3ec8ea7da6263734a271dc999a1d0.jpg, 0, 0, 1
IMG_3561_JPG.rf.76357ecd2a3fb5962c38950abcecf55d.jpg, 0, 0, 1
IMG_4337_JPG.rf.757fa99fa9eed4919a8ceeaa6035813e.jpg, 1, 0, 0
frame_20240315_084632_865240_jpg.rf.76e1e09c97765eafb42d9b8435271202.jpg, 0, 1, 0
IMG_4346_JPG.rf.7601815c5dcb029624382405c36ddf4e.jpg, 1, 0, 0
frame_20240315_084649_165117_jpg.rf.765d1d7b66939d06efc7374d70c69c16.jpg, 0, 0, 1
IMG_20240211_190442_jpg.rf.7785ef5910ce40af51b8592e851c7518.jpg, 1, 0, 0
IMG_3842_JPG.rf.7671bbb5ac28b9738fb00cf7d18239b3.jpg, 0, 1, 0
IMG_3675_JPG.rf.77353e66828ec987aee6c55d8e0a25ad.jpg, 0, 0, 1
IMG_3908_JPG.rf.7742bf313bd7fc9a0eed4707aa31aa4a.jpg, 0, 1, 0
IMG_3936_JPG.rf.7777e067764f4c163094b3932c820c62.jpg, 0, 1, 0
frame_20240315_084706_803811_jpg.rf.76db617b90042e83bbbfa929e617a31d.jpg, 0, 0, 1
IMG_3980_JPG.rf.765f60b40e29f05b1b9c2d9bf0664495.jpg, 0, 1, 0
IMG_3695_JPG.rf.777f871e03123f6e4bc0a8c3de9f614d.jpg, 0, 0, 1
IMG_3836_JPG.rf.77e1765925b6520dec65413c429d4358.jpg, 0, 1, 0
frame_20240315_084928_092399_jpg.rf.77f4e823a6542ac48ecdd99f51320d02.jpg, 0, 0, 1
IMG_3518_JPG.rf.731599d0c7e9bc67b8b9d5a1718aacec.jpg, 0, 0, 1
IMG_20240211_190050_jpg.rf.7827169e39791aeda13e3894baf1cdd9.jpg, 1, 0, 0
frame_20240315_013205_782227_jpg.rf.78d1560045b6e9a4562d7803ab521551.jpg, 0, 0, 1
IMG_4440_JPG.rf.78fb5d207101939ccbed353503d6f516.jpg, 1, 0, 0
IMG_3739_JPG.rf.7960ee032e3f3fe755defa9cb511c669.jpg, 0, 0, 1
IMG_3624_JPG.rf.79b1025c63c9b35a0067566203c0aaff.jpg, 0, 0, 1
IMG_4359_JPG.rf.7981033d400642734b0705c21777c936.jpg, 1, 0, 0
frame_20240315_013508_417224_jpg.rf.79899ce47a7db7b932e6c9b98cbd1f19.jpg, 0, 0, 1
IMG_4330_JPG.rf.79be0fac82f3f380de826e7d66d7a81b.jpg, 1, 0, 0
IMG_3801_JPG.rf.7a0bcae87dbea60aace213151331506c.jpg, 0, 0, 1
IMG_3669_JPG.rf.79f421763343fc1922b3a69826b76d49.jpg, 0, 0, 1
IMG_4329_JPG.rf.7b66b21db465af5cd1e0f8f9511d3cb7.jpg, 1, 0, 0
IMG_4339_JPG.rf.7a5ea633cd9a0b8539438e78c7c1aa69.jpg, 1, 0, 0
frame_20240315_084714_816421_jpg.rf.7e2e9ac15307b3871e31d84fbf2fa7f6.jpg, 0, 0, 1
IMG_3999_JPG.rf.7c7787b6edcb5cde7c0c79328be89092.jpg, 0, 1, 0
IMG_4379_JPG.rf.7add4376a93ab3f14bfd4395b526587c.jpg, 1, 0, 0
frame_20240315_084715_121176_jpg.rf.7b0168d9e9c53479eb81f0714244d9c8.jpg, 0, 0, 1
IMG_3847_JPG.rf.7ac3a61fadad55beea548df5c4bb6381.jpg, 0, 1, 0
PXL_20240114_032020811_jpg.rf.7b6ed09189400cbe3e405180189cdadb.jpg, 0, 1, 0
frame_20240315_084721_214828_jpg.rf.7e2756434c02ea1735c504529a43d9e0.jpg, 0, 1, 0
IMG_4509_JPG.rf.7c5f40f9aa7dfedfc5ad3806e37776cb.jpg, 1, 0, 0
IMG_3632_JPG.rf.7e4cf1de9045ec02ae63630b99c1a586.jpg, 0, 0, 1
IMG_4067_JPG.rf.7e8956c60b494c10d57b1324b99550e4.jpg, 0, 1, 0
frame_20240315_084857_857965_jpg.rf.7c0a89bb0d3abbea45839a1261b3e356.jpg, 0, 0, 1
IMG_3491_JPG.rf.7e6cbca4cd59467424b139b037869d7e.jpg, 0, 0, 1
IMG_3989_JPG.rf.7e360ad49232b551a2bc2049bcdca86f.jpg, 0, 1, 0
IMG_3741_JPG.rf.7b8e74d21770d6814fecfcec278656a0.jpg, 0, 0, 1
frame_20240315_013254_996478_jpg.rf.7cb6b1ccc00ae8a50c917956391d8364.jpg, 0, 1, 0
IMG_4340_JPG.rf.7e5470076792b38ee7cff75a6e259e48.jpg, 1, 0, 0
PXL_20240114_032101058_jpg.rf.7ee1245acbd5b3f9070a68e15c1ea47e.jpg, 0, 1, 0
frame_20240315_013109_743913_jpg.rf.7b7f3fc5cbe66a71285b6f79518da3a9.jpg, 0, 1, 0
frame_20240315_013138_766039_jpg.rf.7e84a57623b7ee6cf90e375e1e7bf0f9.jpg, 0, 0, 1
IMG_3839_JPG.rf.7e358718d55188b6d286ae754c9bc25b.jpg, 0, 1, 0
frame_20240315_084858_254956_jpg.rf.7e8ba7c33e302db8e4713d9c39cf1bf9.jpg, 0, 0, 1
IMG_3795_JPG.rf.7eb980dffeefa0101e6c23fe747e7f38.jpg, 0, 0, 1
frame_20240315_084604_962896_jpg.rf.7f1d69f3882a73e83013fd4c15dc1c15.jpg, 0, 1, 0
IMG_3874_JPG.rf.7f52629e1e926648f8665b16d57e05a1.jpg, 0, 1, 0
IMG_4390_JPG.rf.80c26c82fd8f0efc59f73788aa7dc1ac.jpg, 1, 0, 0
IMG_4358_JPG.rf.82c160c5c3af55378a100b3bbbd58795.jpg, 1, 0, 0
IMG_4394_JPG.rf.825808b2d92947c156bb4216ea3dfafa.jpg, 1, 0, 0
000112_jpg.rf.7f5357fb8092acbfd2d7640e0c2de2ec.jpg, 1, 0, 0
IMG_3957_JPG.rf.812ad465ce2b4b173801d09e42deec55.jpg, 0, 1, 0
frame_20240315_013315_390482_jpg.rf.82a80569a4f7814e8dd1cad6b2302a03.jpg, 0, 0, 1
frame_20240315_084622_556635_jpg.rf.80ca0f3903325e092db411ff352b2262.jpg, 0, 0, 1
IMG_3880_JPG.rf.822e2fcdc697d526c650044033694200.jpg, 0, 1, 0
IMG_3587_JPG.rf.834159baebfdde6ecf6f6a50ec6aa197.jpg, 0, 0, 1
IMG_3903_JPG.rf.8228f7d738acdaf26accf8ccec4217b5.jpg, 0, 1, 0
IMG_4556_JPG.rf.8419627ee22160691480d28f713f4266.jpg, 1, 0, 0
IMG_4360_JPG.rf.806ab45fcceea964e34bc8eb13ec23bc.jpg, 1, 0, 0
PXL_20240114_032043641_jpg.rf.807bf35643d329baf778ddb430d5918e.jpg, 0, 1, 0
IMG_3894_JPG.rf.82ab1d66cefa6138adcc3c1fc5819de6.jpg, 0, 1, 0
IMG_4538_JPG.rf.836f48394088390284484ba4b7ef614e.jpg, 1, 0, 0
IMG_3784_JPG.rf.82d04652d29d814dc800367b35d771ad.jpg, 0, 0, 1
IMG_4137_JPG.rf.833125299bbc56adc7590cfd4bfdd82c.jpg, 0, 1, 0
IMG_4146_JPG.rf.83fe5c26ddb003fc01c485290b98e55c.jpg, 0, 1, 0
frame_20240315_084640_956182_jpg.rf.8134e761a90b89137e81b191a9a94a0f.jpg, 0, 0, 1
IMG_3682_JPG.rf.820f83093ec3862cdcd68dc5bd61b0cb.jpg, 0, 0, 1
frame_20240315_084858_134316_jpg.rf.832bf62f14d76efb8a68110afc97bc23.jpg, 0, 0, 1
IMG_4075_JPG.rf.7e83d218a251f011777f9198b7f6c44b.jpg, 0, 1, 0
IMG_20240211_190502_jpg.rf.8438a25dd3da386aa2be7155b3897716.jpg, 1, 0, 0
IMG_4369_JPG.rf.84347b5dd4e51e193621dfd078e3603d.jpg, 1, 0, 0
IMG_4013_JPG.rf.849a417d9ea1469aa68f0e65629248da.jpg, 0, 1, 0
IMG_3782_JPG.rf.846ce67998dc00e20f3be3819e9d09ce.jpg, 0, 0, 1
IMG_4450_JPG.rf.86b04d21482c3b2c0c3b1ffe30269d39.jpg, 1, 0, 0
frame_20240315_084608_348480_jpg.rf.872ccb87c53e210949832171d4537b1f.jpg, 0, 0, 1
frame_20240315_013125_777792_jpg.rf.847541f06181243974a3f9a6e961291f.jpg, 0, 1, 0
frame_20240315_084622_525726_jpg.rf.803a77e5dd994153c31adc4e66402959.jpg, 0, 0, 1
frame_20240315_013022_562072_jpg.rf.84e489402dc88a365cca682e32350037.jpg, 0, 0, 1
frame_20240315_084721_550721_jpg.rf.89968275bbd01b4596dac5d7d0096023.jpg, 0, 0, 1
IMG_4527_JPG.rf.8501c6ce0e3bbcce5b2df5c1395724cd.jpg, 1, 0, 0
IMG_4491_JPG.rf.87c962bf85ae8cdea054aabb7e2fc0d5.jpg, 1, 0, 0
frame_20240315_084624_612466_jpg.rf.85beb95d1f1b2deb89b86eedbf6d4b7e.jpg, 0, 0, 1
IMG_3559_JPG.rf.8a9b263bf664d9a34a0dcfbdaa61200e.jpg, 0, 0, 1
frame_20240315_084706_008406_jpg.rf.870a7d8b3549e68876ffdcd44b295d07.jpg, 0, 0, 1
PXL_20240114_032022588_jpg.rf.871a80b132aca6656405ae060c9fa1b5.jpg, 0, 1, 0
IMG_3541_JPG.rf.87a10eab5619653bff13d3fe4e5e2edd.jpg, 0, 0, 1
IMG_3990_JPG.rf.8a2fb40d2ee0ddaca36da645780d16b4.jpg, 0, 1, 0
IMG_4069_JPG.rf.849f89b15a5e61378f180b0423b5aa7c.jpg, 0, 0, 1
IMG_4513_JPG.rf.846b75ba2662afa188447360796a90c0.jpg, 1, 0, 0
IMG_3511_JPG.rf.8b959d2c42370982efdcb03bd1fb7ca0.jpg, 0, 0, 1
frame_20240315_013149_877938_jpg.rf.89512d79d0f9fd2e45301ac1be611fc8.jpg, 0, 1, 0
IMG_3658_JPG.rf.87882cd4f55c0168bb4c1d601a0a05e2.jpg, 0, 0, 1
IMG_3628_JPG.rf.8761a43ec3279d06dce1bdd8c6c22aef.jpg, 0, 0, 1
IMG_3953_JPG.rf.8bcfc567c7d013d7f479f852d64c4425.jpg, 0, 1, 0
frame_20240315_013158_417669_jpg.rf.895cbff96f0b9110b0cdc8f3552c9f8e.jpg, 0, 0, 1
IMG_3716_JPG.rf.8abb42e1a885848ea4857336611fb2d3.jpg, 0, 0, 1
IMG_3921_JPG.rf.84feaffb47e9846d0439e856c2caa227.jpg, 0, 1, 0
IMG_4516_JPG.rf.882a8d69c8363ab431620750b0fd7771.jpg, 1, 0, 0
PXL_20240114_032207910_jpg.rf.8dba9d556cbb186f6792102186c703f6.jpg, 0, 1, 0
frame_20240315_084940_269479_jpg.rf.8f117e6a77fa092e58071997f9555a35.jpg, 0, 0, 1
PXL_20240114_032203524_jpg.rf.8edf67d867f31716bc0646448a3d1f10.jpg, 0, 1, 0
IMG_4135_JPG.rf.8c716ecabdbf1bd0b8920d9b0359ad65.jpg, 0, 1, 0
IMG_3550_JPG.rf.8dc45d40344c3cd699a0c69b3e3a3f4f.jpg, 0, 0, 1
frame_20240315_013200_363899_jpg.rf.8de1e9eb580ad77473794ba537a724e7.jpg, 0, 0, 1
frame_20240315_084649_781505_jpg.rf.915052bf9bf799536530278619454144.jpg, 0, 0, 1
IMG_3917_JPG.rf.91f9c7578445bbe1267c3b772c192d34.jpg, 0, 1, 0
frame_20240315_084858_592946_jpg.rf.8f940ed2a16a81b57ce8810e0c2f3815.jpg, 0, 0, 1
IMG_4143_JPG.rf.9104d3ada9a8d9c76e1239e56be656c4.jpg, 0, 1, 0
frame_20240315_084554_636940_jpg.rf.905d3925924944caa4df72bbdc2fed53.jpg, 0, 0, 1
IMG_3659_JPG.rf.8c3c449e329b751b6a149589d9a437e5.jpg, 0, 0, 1
frame_20240315_084714_968016_jpg.rf.90850468a83a03040faf2ad69139d856.jpg, 0, 0, 1
IMG_3598_JPG.rf.90fbee8e0adc0b0508741b21c0e7130d.jpg, 0, 0, 1
IMG_3947_JPG.rf.8eeb9a9a5830fcb7ffd13ede94d3ccc5.jpg, 0, 1, 0
IMG_3960_JPG.rf.920bf5eb17637a5e4770a7e335cb938a.jpg, 0, 1, 0
IMG_3885_JPG.rf.90abeae60095f5d57d3ba36285222ecd.jpg, 0, 1, 0
frame_20240315_013137_480759_jpg.rf.8f646491766da7d4561f46e0f14eaa58.jpg, 0, 0, 1
IMG_3975_JPG.rf.8e07916855ad7dfa543429437cf07aa5.jpg, 0, 1, 0
IMG_3738_JPG.rf.921044b5fe0faa4a9264b1eac5b666f8.jpg, 0, 0, 1
IMG_3746_JPG.rf.8fb98890f8583dc05fe6fa047cbd3525.jpg, 0, 0, 1
frame_20240315_013437_448546_jpg.rf.8f1f604c553b6c6faec57f028f92c5e2.jpg, 0, 0, 1
IMG_3722_JPG.rf.92387596e8550732e14d83b0e8033677.jpg, 0, 0, 1
frame_20240315_013452_477269_jpg.rf.91216995e64f8d9db4947f146a657f27.jpg, 0, 1, 0
frame_20240315_084857_734135_jpg.rf.913c24d3c54535e1cb2518827fe85e92.jpg, 0, 0, 1
IMG_3627_JPG.rf.92950ca6f8b60ba1a38741c31c2643b1.jpg, 0, 0, 1
IMG_3544_JPG.rf.8f48affbc49e1f460914417acce05f98.jpg, 0, 0, 1
IMG_3602_JPG.rf.92aec53570456effe263e265c3e17acc.jpg, 0, 0, 1
IMG_3889_JPG.rf.926b0c348e7f469ba7a5d4f9b10ca36d.jpg, 0, 1, 0
IMG_4436_JPG.rf.9253e0252b8f057803a6873a7b2606aa.jpg, 1, 0, 0
IMG_3500_JPG.rf.935d8ed4e5d9839e7f4a5224a218f95b.jpg, 0, 0, 1
IMG_4549_JPG.rf.92b86040846ae323eab498a71055a436.jpg, 1, 0, 0
IMG_3745_JPG.rf.9402fc0fc11121a088b5ac71a61ee585.jpg, 0, 0, 1
frame_20240315_013126_429853_jpg.rf.93e0fb44e7787ce9629329ab19b80081.jpg, 0, 1, 0
PXL_20240114_032020222_jpg.rf.952478e4919b6dbdb94df9e163f1016a.jpg, 0, 1, 0
IMG_4136_JPG.rf.946e727d0505852bc783dd205faf9c1c.jpg, 0, 1, 0
frame_20240315_084638_026585_jpg.rf.949e8a0ee8a0ac68f19729bb96fd1fc0.jpg, 0, 0, 1
IMG_4407_JPG.rf.94009a687f51a4aad1fa240d47948f87.jpg, 1, 0, 0
IMG_20240211_190537_jpg.rf.9650a927ffa919b78412468dcb64d675.jpg, 1, 0, 0
IMG_20240211_190436_jpg.rf.95d76a8baa790f46e222c1fdbf175e7c.jpg, 1, 0, 0
IMG_3646_JPG.rf.96a0365c7ebefe4a9dba796eaca5487c.jpg, 0, 0, 1
IMG_3517_JPG.rf.955d1023a2b0d47ac4e1e9fb46ed9abc.jpg, 0, 0, 1
IMG_3618_JPG.rf.9600dcfb0cd5d4ed4a7002a56ca5a8a6.jpg, 0, 0, 1
IMG_3671_JPG.rf.95645e883891a3492bf035af8900fbdc.jpg, 0, 0, 1
frame_20240315_084858_467763_jpg.rf.9710d407c3d26fc19b6d2aa8d61dad4e.jpg, 0, 0, 1
IMG_3562_JPG.rf.973c1e3e92f116426460f81923794594.jpg, 0, 0, 1
frame_20240315_084613_973445_jpg.rf.985329160ad83acc4703e9a7d7e28fc9.jpg, 0, 0, 1
IMG_4345_JPG.rf.94145814054ed81d29fc5ad9b516e8e9.jpg, 1, 0, 0
IMG_4343_JPG.rf.98687bd97dd057dcfb5925d1daab461f.jpg, 1, 0, 0
IMG_4350_JPG.rf.945cc2fcc4c29466e37dbd779a9650dc.jpg, 1, 0, 0
IMG_3634_JPG.rf.95bfb690ae69084060f6ccffa67cc758.jpg, 0, 0, 1
IMG_3886_JPG.rf.96db28fca9640adc1603b88ee2079f81.jpg, 0, 1, 0
IMG_4079_JPG.rf.960d0c8e998af32ba25331002f69b05d.jpg, 0, 1, 0
IMG_4558_JPG.rf.97ede5084c7c0002573d9216bea3c31d.jpg, 1, 0, 0
IMG_3924_JPG.rf.9892e70157076deceb4e2f9c0d2c2ce0.jpg, 0, 1, 0
IMG_4524_JPG.rf.9883faf977234a2bcbc44bd5aa91e45f.jpg, 1, 0, 0
IMG_3495_JPG.rf.99c9a61dcf96cbbce781b0e78e38844d.jpg, 0, 0, 1
IMG_4521_JPG.rf.99630e63fde23d0bd23011695589b771.jpg, 1, 0, 0
IMG_3564_JPG.rf.9a0186f05f23f0b56cbc6ac9c9741067.jpg, 0, 0, 1
IMG_3859_JPG.rf.997991646649120e29e96163c59392d2.jpg, 0, 1, 0
PXL_20240114_032033649_jpg.rf.9a891cca8cef11ffaed91b00b87d4649.jpg, 0, 1, 0
000401_jpg.rf.9a1a3447d36d4b5a9e3d3855c1175220.jpg, 1, 0, 0
000088_jpg.rf.9c9be06d0789f2c6437f3278cf33cbed.jpg, 0, 0, 1
IMG_3884_JPG.rf.9ad6b33a732cfacf41401a65a30ab26c.jpg, 0, 1, 0
IMG_3575_JPG.rf.9802791b65cfbef562f8ed6b57781af9.jpg, 0, 0, 1
IMG_4356_JPG.rf.9a8b640d523b3eb1fc9cc1d90e756ca5.jpg, 1, 0, 0
IMG_3552_JPG.rf.9e83937a0f02e1cae493e6ac3d0d1aec.jpg, 0, 0, 1
IMG_4427_JPG.rf.9d4fa6076420f74045f149e3210390cf.jpg, 1, 0, 0
IMG_3642_JPG.rf.9b27962d852133fb340ef04836f9fbc8.jpg, 0, 0, 1
IMG_4559_JPG.rf.9d50f9118a1263480fc1da6fd389758b.jpg, 1, 0, 0
frame_20240315_084717_332011_jpg.rf.9cfbb06e34e08912397c26f5d77990a7.jpg, 0, 0, 1
000113_jpg.rf.9af4c958eb50e31ec927bfb073156cfd.jpg, 1, 0, 0
IMG_4448_JPG.rf.9e6fd6d0a9bf8535b459b71d96dbc618.jpg, 1, 0, 0
frame_20240315_084712_346911_jpg.rf.9c5b808c0d601ce69f76a641cb63c7bd.jpg, 0, 0, 1
IMG_20240211_185515_jpg.rf.9bb47bb59678adb8a1e71e7943eafd66.jpg, 1, 0, 0
IMG_4332_JPG.rf.9e8965abd575c2ff3ac4baeeae998c7e.jpg, 1, 0, 0
IMG_4463_JPG.rf.9c456eff8bdc9489769d51250cd8e943.jpg, 1, 0, 0
PXL_20240114_031942553_jpg.rf.9c468356e7bc09535ad9d785953066cc.jpg, 0, 1, 0
IMG_4528_JPG.rf.9c17a9ee0875f8d7a78fda6583f764c6.jpg, 1, 0, 0
IMG_3753_JPG.rf.9e6a0b36a1767b295076c98be28e2d5d.jpg, 0, 0, 1
IMG_3707_JPG.rf.9e9bc047fe806d7524c37ff4149dd719.jpg, 0, 0, 1
IMG_3910_JPG.rf.9d7fc1ac7561c2d75fba698c88b0b124.jpg, 0, 1, 0
000226_jpg.rf.9ef219555f0506dbb493afaaf49085e2.jpg, 0, 0, 1
IMG_3938_JPG.rf.9fbe0f064c25fb5b1a89172dc13fa84d.jpg, 0, 1, 0
000087_jpg.rf.9e4d7e22da6d570a9b51650a72d4fc18.jpg, 0, 0, 1
IMG_3792_JPG.rf.9c551cbc8231a5b45019c6161f7fd284.jpg, 0, 0, 1
IMG_3766_JPG.rf.9fe6e56b4ae926dad63589994c5ca42e.jpg, 0, 0, 1
IMG_4080_JPG.rf.a0a026ec502c5674cb947a1e13572641.jpg, 0, 1, 0
PXL_20240114_031952499_jpg.rf.9f31102fdb0eb626263a54b46421df13.jpg, 0, 1, 0
PXL_20240114_031945597_jpg.rf.a0f792c2ba7e1efad2212632f659467c.jpg, 0, 1, 0
IMG_3883_JPG.rf.a060c6cb3ddd4b5a334d6407c3aaf936.jpg, 0, 1, 0
IMG_4489_JPG.rf.a03a6c8f07481fd3d1a5376c92c0be8c.jpg, 1, 0, 0
IMG_3570_JPG.rf.a0a932e087a5f2cda05b009c0b4901d3.jpg, 0, 0, 1
frame_20240315_084711_398479_jpg.rf.a0554a21dab0b8d57a84b65fc3a5284c.jpg, 0, 0, 1
IMG_20240211_185906_jpg.rf.99cae9287d9bbc9ba8a4b77aa02310b2.jpg, 1, 0, 0
IMG_4455_JPG.rf.a0b4103d1c24ba7b4fafb67f3ff11ad0.jpg, 1, 0, 0
IMG_4507_JPG.rf.35322bab17552961a426ce6bffeda9f6.jpg, 1, 0, 0
IMG_3806_JPG.rf.36315f6e2d407fdcc3e31e5d98c22ae3.jpg, 0, 0, 1
frame_20240315_013357_635010_jpg.rf.391821470fa613b518e63d3fe84a40fb.jpg, 0, 0, 1
PXL_20240114_031916941_jpg.rf.35a37131437c5268a6149bbacf6397a7.jpg, 0, 1, 0
PXL_20240114_032133514_jpg.rf.3623dcffd75b2c7580890106d9386c3a.jpg, 0, 1, 0
IMG_3493_JPG.rf.38f08cfb802c04f9beca16631b2475da.jpg, 0, 0, 1
IMG_3516_JPG.rf.38180f372d4e2c559e700dc8acd4afc2.jpg, 0, 0, 1
frame_20240315_084859_075270_jpg.rf.366fff9bbac0faef2bec312bf510c783.jpg, 0, 0, 1
IMG_3724_JPG.rf.37378e2971e3385b51d18732b61899e8.jpg, 0, 0, 1
IMG_3961_JPG.rf.35cc0d8310e2b6f089e4bf5a75095ca8.jpg, 0, 1, 0
IMG_3522_JPG.rf.37e39a9650e7a1250fbebb1230e4b73e.jpg, 0, 0, 1
frame_20240315_084717_239952_jpg.rf.382f3cea97e4b22565e3dc047a825a3a.jpg, 0, 0, 1
PXL_20240114_032026061_jpg.rf.39a414af73c5d8810e14be507487db47.jpg, 0, 1, 0
PXL_20240114_031943648_jpg.rf.354213315a44c4d4a4ff2b9ba2f99364.jpg, 0, 1, 0
frame_20240315_084706_531613_jpg.rf.3820aa20453aab71ae19930407abcc94.jpg, 0, 0, 1
PXL_20240114_032134420_jpg.rf.362ad5041dfc653b6da575afac0bc58a.jpg, 0, 1, 0
frame_20240315_084712_438581_jpg.rf.38f7922048b11e163f6bf58f81f0729b.jpg, 0, 0, 1
frame_20240315_084859_108315_jpg.rf.361fe0cb6bdcb887a1f1d25ec3540d79.jpg, 0, 0, 1
frame_20240315_084724_079711_jpg.rf.3a0045e0711731d676bf767ed0636c0f.jpg, 0, 0, 1
IMG_3597_JPG.rf.3a37f1df0734a6b8940646efacff58c8.jpg, 0, 0, 1
frame_20240315_084601_844353_jpg.rf.3a00db6efee1c1cfd08a96e8186a0bb1.jpg, 0, 0, 1
IMG_4499_JPG.rf.362450878132b5b260c87e5ba11569ad.jpg, 1, 0, 0
IMG_4445_JPG.rf.36f82e1fb886b440b020534a470a0810.jpg, 1, 0, 0
IMG_4380_JPG.rf.368cc56cf1ced4015146425255689977.jpg, 1, 0, 0
IMG_4419_JPG.rf.3a51b18896384568628acb3e6f0b56f1.jpg, 1, 0, 0
IMG_4446_JPG.rf.37156c5263f19c7bc16a87b8c9fd564d.jpg, 1, 0, 0
IMG_4153_JPG.rf.3949c8c13ea4849c2b3788982561d0dc.jpg, 0, 1, 0
IMG_4535_JPG.rf.3a78916256ebe0c892bdde5bf0b87536.jpg, 1, 0, 0
frame_20240315_084857_765071_jpg.rf.3a9873e5d1245b105b52b2e8e9b8aa59.jpg, 0, 0, 1
IMG_20240211_190254_jpg.rf.3b53f2540294f541207e9cb7c3b01a89.jpg, 1, 0, 0
IMG_4537_JPG.rf.3b94ec619adbb4394ffe3c05977d66ff.jpg, 1, 0, 0
IMG_3601_JPG.rf.3a7a04f715d4d71e970d6a3d22f243b0.jpg, 0, 0, 1
IMG_4005_JPG.rf.3b874e428bf7313eea413e35d380dac7.jpg, 0, 1, 0
IMG_4511_JPG.rf.3b2164b1004c173685fa09ef09fe4130.jpg, 1, 0, 0
IMG_3748_JPG.rf.3becaddf7b71fbc8ceb7d09536fa9a01.jpg, 0, 0, 1
IMG_3845_JPG.rf.39825cda4cd05c8d3a4d8c28c006f630.jpg, 0, 1, 0
frame_20240315_084711_763000_jpg.rf.3d1a8c6072396686677e3f7026e5c3b2.jpg, 0, 0, 1
IMG_4551_JPG.rf.3b6c1ca6e75f9553673da74a70f2eae1.jpg, 1, 0, 0
IMG_4553_JPG.rf.3c51e4c1d493fb4fc4da35e966ec8b5b.jpg, 1, 0, 0
IMG_3777_JPG.rf.3b0d13c193f5d458424f07c7e2fc28ef.jpg, 0, 0, 1
000153_jpg.rf.3d85c0159bb56a05bf94599107ee982b.jpg, 1, 0, 0
IMG_3502_JPG.rf.3c1376cab844f292c39d1b3ebb56c110.jpg, 0, 0, 1
IMG_3533_JPG.rf.3ce386e65ed3a159339f795ded676920.jpg, 0, 0, 1
IMG_3719_JPG.rf.3d578e6ceaec11fa35c28dfb5d65247a.jpg, 0, 0, 1
frame_20240315_013058_669168_jpg.rf.3d341bf365b78284552aa1c663c12e04.jpg, 0, 1, 0
IMG_20240211_185547_jpg.rf.3dc4c4a05a72200bae24a29a46adbf92.jpg, 1, 0, 0
frame_20240315_013413_065859_jpg.rf.3d8954878b9d64f7fe852213a00b5995.jpg, 0, 0, 1
frame_20240315_013322_740480_jpg.rf.3da795157ba380d7b31b0a1c542ec39e.jpg, 0, 0, 1
IMG_4133_JPG.rf.3e605bc324d1d945a5fd49123d7a5d26.jpg, 0, 1, 0
IMG_4550_JPG.rf.3dfcd6e135634c26b89a8a3919f01bd4.jpg, 1, 0, 0
IMG_3877_JPG.rf.415bd8335f16f67ba74c24c2ee9a26b2.jpg, 0, 1, 0
IMG_3895_JPG.rf.3daee765cbc12b86da6f01ed090c2ac3.jpg, 0, 1, 0
IMG_3987_JPG.rf.3e4e30b37a8e2757b1d63a0d3a2f0190.jpg, 0, 1, 0
PXL_20240114_032200877_jpg.rf.4008e8fff97bdd4e67b82b04aafc02f8.jpg, 0, 1, 0
frame_20240315_084859_016048_jpg.rf.3f59355e8f1636001c7577301f648eac.jpg, 0, 0, 1
frame_20240315_084908_000710_jpg.rf.3ee58c5dc833f4220e3a82df7dd1da56.jpg, 0, 0, 1
PXL_20240114_031944201_jpg.rf.3fb4745445b4dd3cbd8a0e5abf6da4b8.jpg, 0, 1, 0
IMG_4508_JPG.rf.3f9bc8ed4a6889580a9c834a5b1d2b51.jpg, 1, 0, 0
IMG_4439_JPG.rf.3fe3eb9534bd38566514cfa53940314b.jpg, 1, 0, 0
IMG_20240211_190145_jpg.rf.3e83d51651b4f74f40faa3353e94288f.jpg, 1, 0, 0
IMG_20240211_185918_jpg.rf.4109a2cf3c6fd57ba37e4026ed8a67a4.jpg, 1, 0, 0
frame_20240315_084717_395572_jpg.rf.405255c0b333936396fc520a1f1fb42b.jpg, 0, 0, 1
IMG_3501_JPG.rf.423fc84dfd94b2b560dd8b3006448337.jpg, 0, 0, 1
IMG_4544_JPG.rf.41123a727871cc64efe7da8e94c52409.jpg, 1, 0, 0
frame_20240315_084717_083464_jpg.rf.4050f04d3c536c36b57fe7f2dfb16565.jpg, 0, 0, 1
000060_jpg.rf.41f0b493e033cbf568eb30d63da1a3d9.jpg, 1, 0, 0
IMG_3563_JPG.rf.41caccb216d7a7acefcc4d2546633c85.jpg, 0, 0, 1
frame_20240315_084711_640158_jpg.rf.3f0db4ba054e938cfa6e0b581e12cacf.jpg, 0, 0, 1
frame_20240315_084711_981396_jpg.rf.41f336c600bd9a201394d6a7d21007e5.jpg, 0, 0, 1
IMG_4536_JPG.rf.42a875d25b1e5fc03b240be9f6010be5.jpg, 1, 0, 0
IMG_3853_JPG.rf.43216215a89c6090ba310650cea6886a.jpg, 0, 1, 0
IMG_3670_JPG.rf.40c079e46079d9bb69dd544a2bcb1073.jpg, 0, 0, 1
IMG_4496_JPG.rf.3dd1881ae6eb17dce7e5a8b760979b16.jpg, 1, 0, 0
IMG_3796_JPG.rf.4424471cd38c9c07f208a3f0724dc193.jpg, 0, 0, 1
IMG_3986_JPG.rf.44c6f14900d234a25f61cdaefa6396f1.jpg, 0, 1, 0
frame_20240315_013206_679469_jpg.rf.432400788d02d79a5d82a0c0c43d0b31.jpg, 0, 0, 1
IMG_3751_JPG.rf.42af46ae1ce5b4b13d84f11e766821e0.jpg, 0, 0, 1
IMG_4303_JPG.rf.44a26b579f3f688139e171eaaa4a142b.jpg, 0, 1, 0
IMG_3860_JPG.rf.452b1396868564a708b0ed3d4d3e0538.jpg, 0, 1, 0
IMG_3962_JPG.rf.44a9168e2750581bb050cefe4448b4d5.jpg, 0, 1, 0
IMG_4395_JPG.rf.446fcb0540f8f551e0235f3309ba38fa.jpg, 1, 0, 0
PXL_20240114_032154072_jpg.rf.46aa979e12407acaaa9ad271db0c44a2.jpg, 0, 1, 0
IMG_3774_JPG.rf.4489dcc260e55de58bc129f5dbb33fbc.jpg, 0, 0, 1
frame_20240315_084717_299405_jpg.rf.454eba3cad7a69390ad80ff253c517e9.jpg, 0, 0, 1
IMG_3978_JPG.rf.45b987a3d2d9789e326e9b31b7afd415.jpg, 0, 1, 0
frame_20240315_013159_071329_jpg.rf.44400f2ff2b2ebdc2170532f8ddc383a.jpg, 0, 0, 1
IMG_3731_JPG.rf.46860c73254244e5ebb9bbfeb8707658.jpg, 0, 0, 1
frame_20240315_013413_776069_jpg.rf.48013be64c276c45a2c69e9575ba5d81.jpg, 0, 0, 1
000157_jpg.rf.475cb747310e714a7bc266ad678867b8.jpg, 0, 0, 1
IMG_3871_JPG.rf.452a305248688b753bb883247c2d019b.jpg, 0, 1, 0
IMG_4377_JPG.rf.468855e209281c1ab411c67079b57f0b.jpg, 1, 0, 0
IMG_20240211_190045_jpg.rf.46fa0de098f123531f400f1c6a17e487.jpg, 1, 0, 0
IMG_3940_JPG.rf.44f1a45b94eafeb80ae12b0cd021cf5b.jpg, 0, 1, 0
frame_20240315_084857_548783_jpg.rf.4615779bd93945438de3ed7175cf0bb8.jpg, 0, 0, 1
IMG_3809_JPG.rf.4910d79e0eeefdd7b60bcdbb0ffca0fa.jpg, 0, 0, 1
IMG_4361_JPG.rf.481371ee84eedfbb856741239d860c31.jpg, 1, 0, 0
frame_20240315_084703_364174_jpg.rf.48099c527b222950aedf4382a19b528f.jpg, 0, 0, 1
IMG_4443_JPG.rf.4872a1a1ccd0dae313a85fa7a086e4eb.jpg, 1, 0, 0
IMG_4451_JPG.rf.494e4e40e81b6ac79f1cd69ec7859f3e.jpg, 1, 0, 0
PXL_20240114_031914877_jpg.rf.47289e5a19183d5c134ae6d8f339b79a.jpg, 0, 1, 0
IMG_3757_JPG.rf.4c78a218f8d84eaf17c0be9393cee998.jpg, 0, 0, 1
frame_20240315_013507_903975_jpg.rf.49a626e27e0e0e807c18596ab5f6cd4b.jpg, 0, 0, 1
IMG_3631_JPG.rf.4d38a7e41342a67449f8372e77ced4d6.jpg, 0, 0, 1
frame_20240315_084622_588980_jpg.rf.4a7b849487c130a7acb0c0929d527551.jpg, 0, 0, 1
frame_20240315_013033_390457_jpg.rf.4e2623022a702349edb11f0172c7d259.jpg, 0, 1, 0
IMG_4402_JPG.rf.4ee7b4c98235aaec4694a0213087b690.jpg, 1, 0, 0
IMG_4562_JPG.rf.5017d9a08b4385574e80b46483aa0419.jpg, 1, 0, 0
IMG_3703_JPG.rf.4750937bc144bdeb39c237e1ab0ae5bd.jpg, 0, 0, 1
PXL_20240114_032041245_jpg.rf.4bcece54ae740a56250b5ef24f8389c9.jpg, 0, 1, 0
IMG_3934_JPG.rf.4c205e706ca9303d867c19f89d55df27.jpg, 0, 1, 0
frame_20240315_084711_549356_jpg.rf.4ebf27e3d1387c1b8fe3340ccb744090.jpg, 0, 0, 1
IMG_3943_JPG.rf.4f92da2f66ad0bb810e51e57f19babdb.jpg, 0, 1, 0
IMG_4011_JPG.rf.4ecc938a95057339a7492f08df35efda.jpg, 0, 1, 0
IMG_3612_JPG.rf.508bbcf9590a0361113902efed543ac0.jpg, 0, 0, 1
IMG_3928_JPG.rf.4f76b6e698a3275d9f61e2c061e5cbc1.jpg, 0, 1, 0
IMG_3589_JPG.rf.4e410f52dd2ae6a8b6d79439b8866c63.jpg, 0, 0, 1
IMG_3972_JPG.rf.4fb5300df307776a2016eaf84237041e.jpg, 0, 1, 0
frame_20240315_013158_039723_jpg.rf.5091174ab8bc91a6df8c812c689d8b01.jpg, 0, 0, 1
frame_20240315_084727_262260_jpg.rf.4f97b2624d222b2eff09cae28abe7f79.jpg, 0, 0, 1
frame_20240315_084855_757102_jpg.rf.50260de5e101f51934e84ebf11513701.jpg, 0, 0, 1
IMG_3538_JPG.rf.4eef979e7bb595f953c81a3ff8664059.jpg, 0, 0, 1
frame_20240315_084711_921589_jpg.rf.4baa9729f26c4c61df720b96439765a7.jpg, 0, 0, 1
frame_20240315_013426_370971_jpg.rf.4cd9277b838a2a896cbbc26a27934a71.jpg, 0, 1, 0
frame_20240315_084711_579573_jpg.rf.4e6461c1e6ee443eb5947b1ec75d6e46.jpg, 0, 0, 1
IMG_3856_JPG.rf.509d56f7f38d1dc26bab97aa64e0ccca.jpg, 0, 1, 0
IMG_4372_JPG.rf.4fa203458b5fc4a0245d6fc27bfa0ab0.jpg, 1, 0, 0
IMG_3608_JPG.rf.50e1de7e0916c86b7e7795ab3d13bfa4.jpg, 0, 0, 1
frame_20240315_013146_273794_jpg.rf.5131132a229bfa96922888a7b36102b6.jpg, 0, 1, 0
IMG_4510_JPG.rf.53aaf0270997f96e5631e4e6be78bb8f.jpg, 1, 0, 0
frame_20240315_013506_958525_jpg.rf.510bc1fa3c6567815f7368da371aee22.jpg, 0, 0, 1
PXL_20240114_032022010_jpg.rf.549ed61bb4871c7ccee1e0670c24d580.jpg, 0, 1, 0
IMG_3945_JPG.rf.52139ba375d259dd6e77d86dab9c95ed.jpg, 0, 1, 0
IMG_3549_JPG.rf.5495b94f870eccc74846d6800951aa3d.jpg, 0, 0, 1
IMG_3586_JPG.rf.536a37f8d1022a7dacb07aa3ae8002b3.jpg, 0, 0, 1
frame_20240315_013204_258920_jpg.rf.557408ab033e33b11d02cb329346cf7c.jpg, 0, 0, 1
frame_20240315_084644_415609_jpg.rf.56a83aab4da4a6d2a1767b33070d9b78.jpg, 0, 0, 1
000059_jpg.rf.51dd506b1ac131fe0791e3730c63bb43.jpg, 1, 0, 0
IMG_4344_JPG.rf.5543c4070fbed33c54593d3afbbdd977.jpg, 1, 0, 0
IMG_4452_JPG.rf.51e4c1ff105ee4273e7a1da7a7eb74a1.jpg, 1, 0, 0
IMG_3942_JPG.rf.5474c6bc335b49631d910a5491372ce5.jpg, 0, 1, 0
frame_20240315_084659_666293_jpg.rf.5553ea316596c90ba8faf0692dfee3ad.jpg, 0, 0, 1
IMG_3982_JPG.rf.56afefd1454874d21e4192bc71f98308.jpg, 0, 1, 0
IMG_3991_JPG.rf.5554a9cd9433849bf1912a1071e34dae.jpg, 0, 1, 0
IMG_4566_JPG.rf.56c65245a84cf717ff01150ee79fb128.jpg, 1, 0, 0
IMG_20240211_190434_jpg.rf.53e842d031b7952d1bd13b6b91bcc3e1.jpg, 1, 0, 0
frame_20240315_084653_995352_jpg.rf.55bc7b47305656fa3cbe24ba23614c78.jpg, 0, 0, 1
IMG_3812_JPG.rf.546cfbc85ee65c77f931bd7a2fcf112e.jpg, 0, 0, 1
IMG_4541_JPG.rf.537c0f890a429819172d2a80743fd946.jpg, 1, 0, 0
IMG_4533_JPG.rf.5683e32e8f63763325c34e70c5faec38.jpg, 1, 0, 0
IMG_3793_JPG.rf.5449de1598b59bce217848c82197af16.jpg, 0, 0, 1
IMG_3600_JPG.rf.565487fe680f6d59f839ef640e37a493.jpg, 0, 0, 1
frame_20240315_084550_510742_jpg.rf.57caff497978cc31c484bfd25498b75f.jpg, 0, 0, 1
frame_20240315_084709_434680_jpg.rf.57f711473de73abe709ad07c2d831c77.jpg, 0, 0, 1
frame_20240315_084913_899239_jpg.rf.5548e5a7c3ceea6790e5db2f966d7913.jpg, 0, 0, 1
PXL_20240114_031917655_jpg.rf.580a9402c3c2a6bbd4b8c2ce6dcfa3c8.jpg, 0, 1, 0
frame_20240315_084644_446450_jpg.rf.588303b82edda49a9058d8c513b3dd65.jpg, 0, 0, 1
IMG_3749_JPG.rf.59a8b50e06ab04325dd8b88ab5c3d327.jpg, 0, 0, 1
IMG_3619_JPG.rf.57ebb7be0eedf59d960a12b8e2767589.jpg, 0, 0, 1
IMG_20240211_190356_jpg.rf.5877433fc7bc633dcd159f54b8502c6a.jpg, 1, 0, 0
IMG_3772_JPG.rf.59609c91a17b53f0045e2bde5328dcb8.jpg, 0, 0, 1
IMG_3730_JPG.rf.5a5c6c767b021a010029c5bbdd964015.jpg, 0, 0, 1
frame_20240315_084711_022404_jpg.rf.5af36029d95ba7aeba868be37f9b5a05.jpg, 0, 0, 1
frame_20240315_084711_858884_jpg.rf.5b68a69536db9defbf51e98411dccc3c.jpg, 0, 0, 1
IMG_4399_JPG.rf.59ad61634cc4e750813f8fa2bbd2d147.jpg, 1, 0, 0
IMG_3771_JPG.rf.5b25a84c2556c548e063a1a54641b62f.jpg, 0, 0, 1
frame_20240315_013122_792953_jpg.rf.5b5e84c177829aa9ce68cb5639590fd2.jpg, 0, 1, 0
IMG_4123_JPG.rf.5be0868d55963f83e809d42efa0a3493.jpg, 0, 1, 0
IMG_3527_JPG.rf.5be900025e29dd666c6f87a6b3637b0f.jpg, 0, 0, 1
frame_20240315_084923_933884_jpg.rf.5bdb2e98bddcccb99f8280015f67369d.jpg, 0, 0, 1
IMG_3864_JPG.rf.5baf6f9d0d2de2b69c3af5bdcc0cd67c.jpg, 0, 1, 0
IMG_3681_JPG.rf.58e8412be459c72ecff7ae6c6863dd33.jpg, 0, 0, 1
IMG_3891_JPG.rf.5ca55f87e1da6a275bd6a68b6ef58eaf.jpg, 0, 1, 0
IMG_3507_JPG.rf.5c7022068c079d2588aa5a4ae4978574.jpg, 0, 0, 1
frame_20240315_084550_361146_jpg.rf.5c346801f744f2fca6b2be7974f039be.jpg, 0, 0, 1
IMG_3835_JPG.rf.5cac2b99c52bbb17d8a8baf1735a0758.jpg, 0, 1, 0
PXL_20240114_032003110_jpg.rf.5c239a8943f0697e7948c0834d859486.jpg, 0, 1, 0
IMG_4423_JPG.rf.5a08734d4cb862164355656d5bc9609f.jpg, 1, 0, 0
IMG_20240211_185859_jpg.rf.5d444cb7acd123135a3aaffea6df221d.jpg, 1, 0, 0
frame_20240315_013151_832587_jpg.rf.5cae4e18130e75a62a6a495a6c70ca10.jpg, 0, 1, 0
frame_20240315_084712_377582_jpg.rf.5c7b5a499b32adfbb7d86dea858b8aa8.jpg, 0, 0, 1
IMG_4430_JPG.rf.5cf54bdf3ea964bdd0957076347df5db.jpg, 1, 0, 0
frame_20240315_084711_950171_jpg.rf.5d36571d0531458d2d40876152fa7843.jpg, 0, 0, 1
IMG_3776_JPG.rf.5c7a7adebeeb5cd6f45eef33f7532a44.jpg, 0, 0, 1
IMG_3876_JPG.rf.5c475657bc4a37aabcf0e184bf1548dd.jpg, 0, 1, 0
IMG_4333_JPG.rf.5cfe1d600b4b4ec091def71908c9fd72.jpg, 1, 0, 0
IMG_3633_JPG.rf.5d4f20c7172a77859abc6471b374eb42.jpg, 0, 0, 1
IMG_4505_JPG.rf.5db1fcbad4533559d94adc4958e77077.jpg, 1, 0, 0
IMG_4398_JPG.rf.5dfb1d36de082535974b57602ee7df5b.jpg, 1, 0, 0
frame_20240315_013214_013492_jpg.rf.5e03b64ec5ab16c62c6e5ae3f288106e.jpg, 0, 0, 1
IMG_3635_JPG.rf.5efdb9707eee6c3ecb88f54428c2184d.jpg, 0, 0, 1
IMG_4007_JPG.rf.5f8921976727e2b579ffc5bc5d62746f.jpg, 0, 1, 0
IMG_3537_JPG.rf.5f11bf09100e38fb9f716ffa48e7a94f.jpg, 0, 0, 1
IMG_3829_JPG.rf.5f35ada22798a3ea2cc7bed4a3a12b36.jpg, 0, 1, 0
000151_jpg.rf.5f674a6c67c29120e732acfea64211b7.jpg, 1, 0, 0
IMG_3697_JPG.rf.60cf7e66adb9a97cac4d2b5e94f71f6a.jpg, 0, 0, 1
frame_20240315_084608_724178_jpg.rf.60dd00d4f1dc1d6a16094007899690f1.jpg, 0, 0, 1
frame_20240315_084859_258796_jpg.rf.605f6162db3cd41b33b7303e5e759d87.jpg, 0, 0, 1
IMG_3519_JPG.rf.5fb8d609617bdee24cd29644660f652a.jpg, 0, 0, 1
IMG_3767_JPG.rf.6079facb7e36fa0ee54855796b1f7ca6.jpg, 0, 0, 1
IMG_4400_JPG.rf.5f058b0c6249e842ee52fa85544bf4d2.jpg, 1, 0, 0
32f8c3bb6ebe_jpg.rf.61ff997ac73777fe992f7dfeb6439cf0.jpg, 0, 0, 1
000085_jpg.rf.613055a927f4323b9590840640cdb248.jpg, 0, 0, 1
IMG_3905_JPG.rf.60d5cf0f3ab38a6a68f29712e21ee6eb.jpg, 0, 1, 0
IMG_3971_JPG.rf.5fcf2a68483473155ad8117a733462b2.jpg, 0, 1, 0
IMG_4145_JPG.rf.616b93030711948c6ea2eb803ce13a82.jpg, 0, 1, 0
IMG_4391_JPG.rf.5fa43ff05dd2927f4cc68dea5ca27637.jpg, 1, 0, 0
IMG_3862_JPG.rf.626b04f90f8d245e70013b1643f72ccc.jpg, 0, 1, 0
IMG_20240211_185936_jpg.rf.61f016412915a5d4e5678489c8f07e7c.jpg, 1, 0, 0
frame_20240315_084703_515464_jpg.rf.61a22aa46550ebea63f19975acbacc74.jpg, 0, 0, 1
frame_20240315_084622_496106_jpg.rf.61208934aa19c88abe59b42fcb01a00c.jpg, 0, 0, 1
IMG_4557_JPG.rf.626a0797f34dfa523ec2dc819f9375f5.jpg, 1, 0, 0
IMG_4482_JPG.rf.601accd2b5154595a4d4d2dc7c7aef01.jpg, 1, 0, 0
IMG_3578_JPG.rf.6001d69425472d954774065ddff9d307.jpg, 0, 0, 1
frame_20240315_013124_863518_jpg.rf.622206819df0639ecf2a8ece361cc601.jpg, 0, 1, 0
IMG_3607_JPG.rf.625d2fd72feeefefd97c5237cbaf8797.jpg, 0, 0, 1
frame_20240315_084554_545933_jpg.rf.627049c126a2b0c88643572f0e596060.jpg, 0, 0, 1
IMG_4048_JPG.rf.62f96dda8d6cdfa5dca7143804a8f57e.jpg, 0, 1, 0
IMG_4052_JPG.rf.629c308593f024378c3c837d3ba3349a.jpg, 0, 0, 1
IMG_4458_JPG.rf.62a39a75ffc21fe78bdf0f20d580ae38.jpg, 1, 0, 0
IMG_3581_JPG.rf.633d7ca7ba20812b2c63e60d6a384166.jpg, 0, 0, 1
IMG_3636_JPG.rf.63b5034da2b42936bebb2b6203940bb2.jpg, 0, 0, 1
frame_20240315_084550_573252_jpg.rf.63655b7e9bf1d7ddce615151d3179488.jpg, 0, 0, 1
IMG_3723_JPG.rf.63e8a38464e9412528e55d8c7d0fe3cc.jpg, 0, 0, 1
IMG_4335_JPG.rf.654b902f68253ee73165aade8ff7eef0.jpg, 1, 0, 0
IMG_4125_JPG.rf.64948b21826d34f8513b16ccb52f14a1.jpg, 0, 1, 0
IMG_3794_JPG.rf.6554cf636057c7269102792f4457304f.jpg, 0, 0, 1
frame_20240315_084715_823024_jpg.rf.67be52b4ad972e7059fd388c712ff81d.jpg, 0, 0, 1
IMG_20240211_190349_jpg.rf.6497bcf6de371724fc556524af66a669.jpg, 1, 0, 0
PXL_20240114_032028132_jpg.rf.65f5e79143f2ddffffcd0b4277b72a69.jpg, 0, 1, 0
IMG_4374_JPG.rf.67f515c55d1d182ef9815b42fb70ee54.jpg, 1, 0, 0
IMG_4457_JPG.rf.652c8564a910f2320a515369bd8883b6.jpg, 1, 0, 0
IMG_3920_JPG.rf.694b0f7175026fd745858d6df76f96d5.jpg, 0, 1, 0
IMG_3869_JPG.rf.68cb5cbffd7b75e082ab599ce837ef7d.jpg, 0, 1, 0
IMG_3639_JPG.rf.66d41ea8a2592758bdbe0856ecda1ec2.jpg, 0, 0, 1
frame_20240315_084614_646633_jpg.rf.670a1264d86c3d5761d9b5479980d405.jpg, 0, 0, 1
frame_20240315_084659_848686_jpg.rf.698076734511a78f48ec906ee664a91e.jpg, 0, 0, 1
frame_20240315_013212_929917_jpg.rf.69fdaf09fefbe213d5e1f20b251c9f8a.jpg, 0, 0, 1
frame_20240315_084659_727637_jpg.rf.650d6b97ae308dc5a7cc15bc8aa5217b.jpg, 0, 0, 1
IMG_3705_JPG.rf.68aa67b9f94342f173d18cea7a67e6fd.jpg, 0, 0, 1
IMG_3760_JPG.rf.65676e077a041ec256e52cabbb5241fe.jpg, 0, 0, 1
frame_20240315_084551_278675_jpg.rf.68cc62d6416ec7f084ebdc45a2614ac2.jpg, 0, 0, 1
frame_20240315_084913_931138_jpg.rf.68475f7d47a97fb0416c1fabcbac8e4b.jpg, 0, 0, 1
IMG_3825_JPG.rf.68477bb0953a6a35246830f222f80dd0.jpg, 0, 1, 0
IMG_4130_JPG.rf.69ff16fd3635900c6ea5d213db036bf2.jpg, 0, 1, 0
IMG_3614_JPG.rf.68f223a0304419eae11f11e673dc5012.jpg, 0, 0, 1
frame_20240315_084551_217864_jpg.rf.67f34807f145b9413700648e0db5e101.jpg, 0, 1, 0
IMG_3505_JPG.rf.6a362404685833b4a3b15cff2fd084f0.jpg, 0, 0, 1
frame_20240315_084715_030529_jpg.rf.661d3981fd6a7ac23cd639f591742bbb.jpg, 0, 0, 1
IMG_3944_JPG.rf.6648ead982292d07faf1e5b32569f547.jpg, 0, 1, 0
IMG_4500_JPG.rf.6a3a4d220b71eca23bc5c69db5ad3c21.jpg, 1, 0, 0
frame_20240315_084700_150986_jpg.rf.0358d082322e7cccc3c0acbbe785021a.jpg, 0, 0, 1
IMG_3506_JPG.rf.02178d1b56e67c0a14d1479b101a3b12.jpg, 0, 0, 1
PXL_20240114_032209812_jpg.rf.01997360a4ba3739dd191968558a756c.jpg, 0, 1, 0
IMG_4494_JPG.rf.0286e8626098ec9f9ffd79420277aa3a.jpg, 1, 0, 0
IMG_4113_JPG.rf.04730b16ad6e155d43f682fc4f65ea52.jpg, 0, 0, 1
frame_20240315_084703_304254_jpg.rf.01b4340e74f8754f274e9d329a68d84b.jpg, 0, 0, 1
IMG_3824_JPG.rf.010ac3ac432b292a03e1989ca17e97bb.jpg, 0, 1, 0
IMG_4428_JPG.rf.032d928a36aa5056e5b25d65343997ed.jpg, 1, 0, 0
frame_20240315_084716_781189_jpg.rf.03b9db23b7cc38cea406d34e1d1c68c6.jpg, 0, 0, 1
IMG_20240211_190728_jpg.rf.03d69318628c039426d7bd1043b51bea.jpg, 1, 0, 0
frame_20240315_084657_749434_jpg.rf.00023dbebf3cae74d74bc57865b3f3f3.jpg, 0, 0, 1
IMG_4481_JPG.rf.00e4da40d9538c8dd755cb3cf8d04826.jpg, 1, 0, 0
IMG_3542_JPG.rf.006010ecaf552ff7a3dc6e4f1aab6b7c.jpg, 0, 0, 1
IMG_3977_JPG.rf.01be796793ee0f923446e12aef3ab57c.jpg, 0, 1, 0
frame_20240315_084614_251623_jpg.rf.01acdddb863ab1367af28dfe12dcdd36.jpg, 0, 0, 1
frame_20240315_013139_138647_jpg.rf.020f2e781e9754d2044b08fd75cc91bf.jpg, 0, 0, 1
frame_20240315_084614_735511_jpg.rf.032c4a91063a2df82d7a26335edc1077.jpg, 0, 0, 1
IMG_3604_JPG.rf.01e88edfd975d17dd5c79709c22b43b7.jpg, 0, 0, 1
IMG_4132_JPG.rf.041c2ef259243150cb8466e12adf93de.jpg, 0, 1, 0
frame_20240315_084721_980018_jpg.rf.046e720f808dcdeb14da4bde84abd875.jpg, 0, 1, 0
frame_20240315_084859_229311_jpg.rf.0196a4d8524bea5c0b9e8404b2f9d582.jpg, 0, 0, 1
IMG_4563_JPG.rf.0520372b3a7e1ed9cb60e816050bafcf.jpg, 1, 0, 0
IMG_3530_JPG.rf.04b3adba4d21f958cb850e34073f6412.jpg, 0, 0, 1
PXL_20240114_032206227_jpg.rf.05d3426900fc36d948f57e3b7bcd1303.jpg, 0, 1, 0
IMG_4413_JPG.rf.042e2b832cfe6d102a2c9759d8650955.jpg, 1, 0, 0
IMG_4512_JPG.rf.02166ef9847a3ccf9dc34bcbee7c7dcf.jpg, 1, 0, 0
frame_20240315_013510_739474_jpg.rf.02d1aca2b44dbf741e75f0dc43e3fd0c.jpg, 0, 0, 1
IMG_4010_JPG.rf.05dd528c9f731dacef7cef42cc1cd7e3.jpg, 0, 1, 0
IMG_3650_JPG.rf.0630c4594b3788e25e3e09265bd17909.jpg, 0, 0, 1
IMG_3881_JPG.rf.071c22e8072a1a28f22cb5a46d6c66fc.jpg, 0, 1, 0
frame_20240315_084604_840143_jpg.rf.06ba89d85f1dba6262501cbf4ef197f5.jpg, 0, 0, 1
IMG_4003_JPG.rf.07145b204881250d7887216ed525dab6.jpg, 0, 1, 0
IMG_3890_JPG.rf.069590d7e2c1c3655dda199a2f810c29.jpg, 0, 1, 0
IMG_3588_JPG.rf.074d3d788c79ca6924ff69337017f107.jpg, 0, 0, 1
IMG_3866_JPG.rf.0663c730c232eedfb738c3d3b226cdaa.jpg, 0, 1, 0
IMG_3840_JPG.rf.0690d7c6c78b65b9583695445aeeed4f.jpg, 0, 1, 0
IMG_3576_JPG.rf.081d1e204ea678b35279d60345bd749f.jpg, 0, 0, 1
IMG_3595_JPG.rf.077fdaf75a3d0880d6c36ff5a71aa3df.jpg, 0, 0, 1
IMG_3545_JPG.rf.0770076165375912f9cd11d1b231cb21.jpg, 0, 0, 1
IMG_3599_JPG.rf.076307fd3ca99ea5fad72672cb7f7b96.jpg, 0, 0, 1
IMG_4567_JPG.rf.083c930761e79d8538bb0d0dc2f86aec.jpg, 1, 0, 0
IMG_4456_JPG.rf.0928d7e5dc913352fc8a6a5ff7551bb3.jpg, 1, 0, 0
IMG_3857_JPG.rf.090c6bb6cb5d64cec39ef14edfb9ca06.jpg, 0, 1, 0
IMG_3651_JPG.rf.081e4228ab8bfccde39c9a7d738c8ef3.jpg, 0, 0, 1
frame_20240315_084907_968150_jpg.rf.09a0f1436a1e1fbf54303f186e66935b.jpg, 0, 0, 1
IMG_4406_JPG.rf.09c8abbc748a0d48d3e0bf69ec98d960.jpg, 1, 0, 0
IMG_4386_JPG.rf.08c85ae4d423a5f2d77e3c630f6d5809.jpg, 1, 0, 0
frame_20240315_013202_357464_jpg.rf.09ee7a7d77320110e44fbb9ea6c469d9.jpg, 0, 0, 1
frame_20240315_084601_814380_jpg.rf.0a228efb255235b920bb0cc604f2d0b5.jpg, 0, 0, 1
IMG_4144_JPG.rf.0a3dfcc1d502e1ee5e823fed829b65d7.jpg, 0, 1, 0
IMG_3914_JPG.rf.091ce075dd9c0c8277c792917229d420.jpg, 0, 1, 0
PXL_20240114_031959776_jpg.rf.0a50bd9ad9a4475a8ac1774765f49e1d.jpg, 0, 1, 0
IMG_3725_JPG.rf.08919d6af75abde25fcc706672e523bb.jpg, 0, 0, 1
PXL_20240114_031954330_jpg.rf.0a207a395780703af11be539a48c5513.jpg, 0, 1, 0
IMG_20240211_190613_jpg.rf.0a601c2d018b5db93248554105624ec6.jpg, 1, 0, 0
frame_20240315_084714_998429_jpg.rf.0aa955f17fb42eb20579ca1f0dc291ec.jpg, 0, 0, 1
IMG_3789_JPG.rf.0998f1e3abb9f46b5e2421d70005df99.jpg, 0, 0, 1
IMG_20240211_185850_jpg.rf.0ab2cdaf909fca8d75ea38e6c7c0a2ab.jpg, 1, 0, 0
IMG_3966_JPG.rf.0c09d00601da98c6ab965cfe69e4d83e.jpg, 0, 1, 0
IMG_4525_JPG.rf.0bab8a0b051ac4b550c75eeb306cac51.jpg, 1, 0, 0
IMG_3927_JPG.rf.0b9dcb5dbccd00c807d802850b6485e3.jpg, 0, 1, 0
frame_20240315_013150_681872_jpg.rf.0bedba3dba725b1d003fdb9a54f70dd3.jpg, 0, 1, 0
frame_20240315_084720_137972_jpg.rf.0b8c712fd746e84d6c5dd9f32188eb30.jpg, 0, 1, 0
PXL_20240114_031941690_jpg.rf.0aef89d2f04095c0266aff56865b7d39.jpg, 0, 1, 0
frame_20240315_013148_117470_jpg.rf.0c35737e24b032063e4b7c1e1baa4e1e.jpg, 0, 1, 0
frame_20240315_084605_055134_jpg.rf.0cdb57917105be3035bd402329415ac6.jpg, 0, 0, 1
IMG_3571_JPG.rf.0bf75f0717054982dbe0f581e42ebb49.jpg, 0, 0, 1
frame_20240315_084608_261301_jpg.rf.0d82a3fa32dce8fe8a1de94a6dde5adf.jpg, 0, 0, 1
IMG_3867_JPG.rf.0e85b95703fe3c78f59a29f9d23731be.jpg, 0, 1, 0
frame_20240315_084857_642455_jpg.rf.0f810447bfea7fed0e90a8a0539adf90.jpg, 0, 0, 1
frame_20240315_084649_873859_jpg.rf.0c451cb22baf56ba7b193c59eab26019.jpg, 0, 0, 1
IMG_3572_JPG.rf.0c75367b2119d4aa79cd16ec3948caef.jpg, 0, 0, 1
frame_20240315_084608_477446_jpg.rf.0d85bb4ed0b40b9652e673692183dcf5.jpg, 0, 0, 1
000255_jpg.rf.113caee02fd03fb0a9ace05c8ef75a41.jpg, 0, 0, 1
IMG_3584_JPG.rf.10b5fe6fa5e92c2e74060048b24a4b28.jpg, 0, 0, 1
IMG_3763_JPG.rf.0d20037ce07a910ea897307d558bfcdb.jpg, 0, 0, 1
IMG_4540_JPG.rf.0f76fac2cbd3c51032e6dfdf6638c679.jpg, 1, 0, 0
IMG_3969_JPG.rf.0f2d7103b166d958a52f5373e7d2a20b.jpg, 0, 1, 0
IMG_3887_JPG.rf.100c52526a6101d40c3933ee94bf8586.jpg, 0, 1, 0
IMG_3941_JPG.rf.0f4599ef5bfd44f85af26ddc79b54dd6.jpg, 0, 1, 0
IMG_3574_JPG.rf.0f2312261b77cf6dc7bd528fd38f5e6c.jpg, 0, 0, 1
IMG_4082_JPG.rf.10c961dae9c169f47e5d6c3c237bdf9e.jpg, 0, 1, 0
IMG_4338_JPG.rf.11a05e8f5e5e4c7ffb21116905d67850.jpg, 1, 0, 0
PXL_20240114_032105014_jpg.rf.10746d29621d117b5204240fd7428366.jpg, 0, 1, 0
IMG_4433_JPG.rf.0e5e3c1170e9d77d74c2b2ff07b8b5d3.jpg, 1, 0, 0
frame_20240315_084555_214254_jpg.rf.0ec56142461809fb5e0ab4a83bee3b3d.jpg, 0, 0, 1
frame_20240315_013146_451994_jpg.rf.0d2b6260e757dede7ad9c2017dbdec0b.jpg, 0, 1, 0
frame_20240315_084723_777904_jpg.rf.10627a815531618147516f8791c39c27.jpg, 0, 0, 1
frame_20240315_084703_790917_jpg.rf.126eb8a7973819d461e680bcd66c63d6.jpg, 0, 0, 1
IMG_4472_JPG.rf.1206e4e0e3a67e8e8b3c29ddefef3d44.jpg, 1, 0, 0
frame_20240315_013345_967086_jpg.rf.1270cedb0cfc80205403aee0e7d1dbc9.jpg, 0, 1, 0
IMG_3896_JPG.rf.11aecc9a17e08691a8f77e6fed9dcc09.jpg, 0, 1, 0
frame_20240315_084944_584453_jpg.rf.128a027cfe80e4220ace81aac04f1aaa.jpg, 0, 0, 1
IMG_3677_JPG.rf.134ab0026c2f07269b8bc7d9c0a51a91.jpg, 0, 0, 1
IMG_3526_JPG.rf.14043f666be8c8da675d04619b595816.jpg, 0, 0, 1
IMG_20240211_185645_jpg.rf.16362d72fee493cd2e491f0125898e48.jpg, 1, 0, 0
IMG_4460_JPG.rf.13237c052bc92616028e3e85cf042246.jpg, 1, 0, 0
frame_20240315_084659_819120_jpg.rf.130194acc1582ec82e976215e542e561.jpg, 0, 0, 1
IMG_3494_JPG.rf.163d11c85d23e13631d8c99aa1ea6342.jpg, 0, 0, 1
IMG_4388_JPG.rf.137c0901729c82a774c7c0988b83d9da.jpg, 1, 0, 0
frame_20240315_084703_394064_jpg.rf.14778e5dd7ca25bda9cae76ba16aa560.jpg, 0, 0, 1
frame_20240315_084633_385819_jpg.rf.15a0ac755486a98cc0e3f01bde084b52.jpg, 0, 0, 1
IMG_4545_JPG.rf.142316ad1875ed33979ff596698efba6.jpg, 1, 0, 0
IMG_4396_JPG.rf.1598072b81241d10322b47d4010365f5.jpg, 1, 0, 0
PXL_20240114_032153498_jpg.rf.16b9509241e6f1b2ed5654a8365ac3d5.jpg, 0, 1, 0
frame_20240315_084556_187133_jpg.rf.1845cc0da2227e8922dd192e55809cf9.jpg, 0, 0, 1
IMG_20240211_185642_jpg.rf.16c6ad884a1d9dd3825b09e92a1806e8.jpg, 1, 0, 0
IMG_4504_JPG.rf.14b575953ca96d45a0066db1a478a09e.jpg, 1, 0, 0
IMG_3728_JPG.rf.16dc39cb890d574303d1a1d7f371db8f.jpg, 0, 0, 1
IMG_3901_JPG.rf.17be456361af31b6cdb263ef5f29ce79.jpg, 0, 1, 0
frame_20240315_084614_342888_jpg.rf.1876961ca6628fb7094864accf65cf26.jpg, 0, 0, 1
IMG_3603_JPG.rf.19240f2d9d0d79f24bbac8730e9e8d92.jpg, 0, 0, 1
frame_20240315_084927_155993_jpg.rf.180358755163a876a474d65e388bf410.jpg, 0, 0, 1
IMG_4468_JPG.rf.18fc177119a9ce77e9efd622adb4f37c.jpg, 1, 0, 0
frame_20240315_084558_538861_jpg.rf.15dd1c581fe7481e368df0d957e37e5e.jpg, 0, 0, 1
IMG_3833_JPG.rf.187932a5e7fad0bcfa12f62d7a2068fa.jpg, 0, 1, 0
IMG_3654_JPG.rf.17aca0cb382f113363c494b14852e4df.jpg, 0, 0, 1
IMG_4420_JPG.rf.175c8b9520ec8583d7f8ce4bede91f9b.jpg, 1, 0, 0
IMG_4300_JPG.rf.192a5f68522ecd321e2bb959cb56b2d8.jpg, 0, 0, 1
frame_20240315_084608_411337_jpg.rf.193c45dfa21f90ec7026d0cc838de30c.jpg, 0, 0, 1
PXL_20240114_032024368_jpg.rf.1947048f67c24b5477a41279b79ad2d9.jpg, 0, 1, 0
IMG_3841_JPG.rf.1a1a70b2425c670a28d84ba574b7304e.jpg, 0, 1, 0
IMG_4078_JPG.rf.193f7fce2c7a61123c15f2872d8bdf2c.jpg, 0, 1, 0
IMG_3732_JPG.rf.1afc18ca5f1292518d56759c9130d33c.jpg, 0, 0, 1
IMG_3492_JPG.rf.19c445300741f057a5a02f9509ab9b3c.jpg, 0, 0, 1
IMG_4054_JPG.rf.1a8c58588a5fb65f1ef0d44aeb465fa4.jpg, 0, 1, 0
PXL_20240114_032018051_jpg.rf.199552242c490dff2c29daac860a6d9a.jpg, 0, 1, 0
frame_20240315_084712_407919_jpg.rf.1b2d31399abe0e87f36fcf2b05c9e853.jpg, 0, 0, 1
000107_jpg.rf.1c9b6956fe26e2e861bfa7a9f8ac3d64.jpg, 0, 1, 0
000164_jpg.rf.1ac78c05349343522cd676d1983c1d23.jpg, 1, 0, 0
IMG_3720_JPG.rf.1e2c6a7f779091afdc1e6b71781dfbc8.jpg, 0, 0, 1
IMG_4404_JPG.rf.1c4e95af96eea31819cca9a3e110dcf1.jpg, 1, 0, 0
IMG_4434_JPG.rf.1bfcbf7a4a586633f619cd59dc2f674f.jpg, 1, 0, 0
frame_20240315_084700_029600_jpg.rf.1ce0ae38014d4332c9696a1c5a450192.jpg, 0, 0, 1
IMG_20240211_190151_jpg.rf.1a4e1752d5d64897103964d99c163648.jpg, 1, 0, 0
IMG_3536_JPG.rf.1bb06172edd744e7b4a3a929ee3482bb.jpg, 0, 0, 1
IMG_3854_JPG.rf.1b8f6d954a23e5f3b0c049a96a00acba.jpg, 0, 1, 0
IMG_3617_JPG.rf.1cb3283525c6126e370e64558cd64298.jpg, 0, 0, 1
IMG_3907_JPG.rf.1e10fe0ad8684020390d586b80982b60.jpg, 0, 1, 0
IMG_3811_JPG.rf.1f01113c74a3a1733ca023dd58df33b7.jpg, 0, 0, 1
IMG_3610_JPG.rf.1f5cda10d7f29f50787bdc9712140e13.jpg, 0, 0, 1
IMG_3919_JPG.rf.1bd82d12c3bd1a90642ae7dbc9839330.jpg, 0, 1, 0
frame_20240315_084605_115181_jpg.rf.1ed08cfe779b838e62216685760e721a.jpg, 0, 0, 1
frame_20240315_084608_288261_jpg.rf.1fa31b94ce9fefa445a0a50dab418ff0.jpg, 0, 0, 1
IMG_4371_JPG.rf.1dfdc87bd45e4c091ced4a7b2dbc4737.jpg, 1, 0, 0
IMG_4002_JPG.rf.20648eacf9362c3f01ad2e64384bda3b.jpg, 0, 1, 0
IMG_3524_JPG.rf.1fc3625046dde252c4c7dbc8233155e6.jpg, 0, 0, 1
IMG_4502_JPG.rf.1b869d4bd5b8fe0555dd49af07efe53d.jpg, 1, 0, 0
IMG_3852_JPG.rf.2090ad8377f5a667435c4edcd3e98e15.jpg, 0, 1, 0
frame_20240315_084605_175385_jpg.rf.1c959b31a95e98b28658a496b06bb280.jpg, 0, 0, 1
IMG_3930_JPG.rf.20303d489966c569311e2b444b9930f2.jpg, 0, 1, 0
frame_20240315_084709_370805_jpg.rf.2118a8aef6fe5a049b1cef783e8c23af.jpg, 0, 0, 1
IMG_4124_JPG.rf.1b821a8c26e0dc517a8d6170ca516f9e.jpg, 0, 1, 0
000071_jpg.rf.220d797cdcb083bb13ffd443d80a54dd.jpg, 1, 0, 0
IMG_3579_JPG.rf.21617d74fc1fb222fbf199955264b81c.jpg, 0, 0, 1
frame_20240315_084614_919427_jpg.rf.20ce86ab2c190c1589770965f392a62d.jpg, 0, 0, 1
frame_20240315_084936_554760_jpg.rf.229388d0b2387a6d3527e4845008e2b1.jpg, 0, 0, 1
000243_jpg.rf.2307c4ee98365a57c3e77eb636e4ab0e.jpg, 1, 0, 0
PXL_20240114_032158014_jpg.rf.22ba706bae0c9f7dd242eb4491fc3232.jpg, 0, 1, 0
IMG_4150_JPG.rf.22727251d1d703adc708ab17d903362f.jpg, 0, 1, 0
frame_20240315_084554_515434_jpg.rf.2315191fb66287933ca3c77a3c263a01.jpg, 0, 0, 1
frame_20240315_084921_231754_jpg.rf.235ef5e380fa2908abce1e6e1d8f93de.jpg, 0, 0, 1
000038_jpg.rf.23f33f78841631a42c37a54103a6c440.jpg, 1, 0, 0
IMG_3954_JPG.rf.228d4897e4b254dd3d8bb833d48995d4.jpg, 0, 1, 0
IMG_3535_JPG.rf.24feec814c013705068066d409ea1cf9.jpg, 0, 0, 1
IMG_3946_JPG.rf.236c99ad8c137d0146cc7c0eca2610d3.jpg, 0, 1, 0
IMG_3566_JPG.rf.24675c76dbe4cd6cbfbfc6d9ffa52e97.jpg, 0, 0, 1
IMG_4506_JPG.rf.242438e6806b20acb48fc8def399c2ad.jpg, 1, 0, 0
IMG_20240211_185902_jpg.rf.25116e599d0907485490ba0ec9ce5f54.jpg, 1, 0, 0
000168_jpg.rf.23c08631d601531b5e11ad5c1fb4330c.jpg, 0, 0, 1
IMG_4517_JPG.rf.25f65b87dd561659db908474e26f08f6.jpg, 1, 0, 0
IMG_3909_JPG.rf.242f6cad4386307dda64d1e7d8684f06.jpg, 0, 1, 0
IMG_3872_JPG.rf.2590e01717cd9694c83e54050a5136b7.jpg, 0, 1, 0
IMG_4076_JPG.rf.25b7cc3a14839cb672cc29e48eb5a13a.jpg, 0, 1, 0
IMG_3622_JPG.rf.2605f5ec69137d7cb49ca2a482690b03.jpg, 0, 0, 1
IMG_4462_JPG.rf.25157351b4640e6cab3748d34dddd234.jpg, 1, 0, 0
IMG_3733_JPG.rf.253dcbb05dec49c1021f6cfb46b128aa.jpg, 0, 0, 1
IMG_3808_JPG.rf.26409ba17e86494a55b8d72293605fef.jpg, 0, 0, 1
frame_20240315_084705_416619_jpg.rf.251f2d6a3a6c40a5a6bb0ecf296c1cf6.jpg, 0, 0, 1
IMG_20240211_190601_jpg.rf.2521be22d05fcd5bef8c3a5ede1042af.jpg, 1, 0, 0
000389_jpg.rf.239ab3bee27c2a88dab143c7af8765f5.jpg, 0, 1, 0
IMG_3699_JPG.rf.26a8d2b3bcce2c219cccf60f8102c1e5.jpg, 0, 0, 1
IMG_3504_JPG.rf.2495c12546cfbbfb5c70e010fce3d56c.jpg, 0, 0, 1
IMG_3721_JPG.rf.27139945209deb2c7f8fc5d444cfb44b.jpg, 0, 0, 1
IMG_3735_JPG.rf.277955a05e8c5048f78a1a9963b0776e.jpg, 0, 0, 1
IMG_3626_JPG.rf.25c4c4760725bf40383f99c9b6a8da72.jpg, 0, 0, 1
000273_jpg.rf.278bbf81c3230a0d60da6473b4e679fd.jpg, 0, 0, 1
IMG_4331_JPG.rf.28dfa630fea4edae7ef2329c9579a59b.jpg, 1, 0, 0
IMG_4471_JPG.rf.29d1b707071599bdbd5b788ce10870de.jpg, 1, 0, 0
IMG_3621_JPG.rf.2b0d9b36667c713def66e799cede2a92.jpg, 0, 0, 1
IMG_3897_JPG.rf.2905a2fabcd35b19cfe5ce2e0defb96b.jpg, 0, 1, 0
IMG_3673_JPG.rf.2e5a6e25277e29aca3c1ddbacb3e1eae.jpg, 0, 0, 1
IMG_3712_JPG.rf.2e92341f40fe5500bed320b5411685ac.jpg, 0, 0, 1
IMG_3616_JPG.rf.2ad0b75b88862f9e0f5c29ce00a34bd1.jpg, 0, 0, 1
IMG_3893_JPG.rf.2c185280ce21daa8c96d8fedb5483043.jpg, 0, 1, 0
IMG_20240211_190200_jpg.rf.28019a10decab7f0c0291474e2370d0b.jpg, 1, 0, 0
IMG_3592_JPG.rf.2b1068872759d57bd983f9e8ea8f80ae.jpg, 0, 0, 1
IMG_3709_JPG.rf.29e60a77c0c66d81123e5615b0bbc72f.jpg, 0, 0, 1
frame_20240315_013136_150574_jpg.rf.29b85036eb4f935444c04e7281d3569d.jpg, 0, 0, 1
IMG_4487_JPG.rf.2a70644fd86dc73711dd26d70b16e37c.jpg, 1, 0, 0
IMG_4401_JPG.rf.2afe6b7cdf9d0a0e978a64b65c25c6e8.jpg, 1, 0, 0
IMG_3664_JPG.rf.2c67e7d7f6ae5870b51093d15786a28d.jpg, 0, 0, 1
PXL_20240114_032019640_jpg.rf.2a591a4ca90081006d09c4a06d94c832.jpg, 0, 1, 0
frame_20240315_013509_933278_jpg.rf.2f115b9ffb4eab3a7f924d4a993874c0.jpg, 0, 0, 1
frame_20240315_084640_892202_jpg.rf.29a9a48531ed7794daa05171ace52597.jpg, 0, 0, 1
IMG_4416_JPG.rf.2c77fa60e60d4919af78519a4587a1ff.jpg, 1, 0, 0
IMG_3543_JPG.rf.2d6ea6ccc0fbe0d8c92d1266b3821d3f.jpg, 0, 0, 1
IMG_3528_JPG.rf.2c8b0a4f4cb5065d87b9df87edd99416.jpg, 0, 0, 1
IMG_3790_JPG.rf.2f58075c344f7e616387c7a787da8973.jpg, 0, 0, 1
IMG_4362_JPG.rf.2f588d8164f8371fe521a2815786b1d5.jpg, 1, 0, 0
IMG_3497_JPG.rf.2fb107387d7ceffd9ef9e50f05e123e3.jpg, 0, 0, 1
PXL_20240114_032031468_jpg.rf.307d06190d4b2dccd4416dcb141996b4.jpg, 0, 1, 0
IMG_3736_JPG.rf.31457e0961ba8bd519ab7a092129a170.jpg, 0, 0, 1
IMG_3611_JPG.rf.2cd68ff4647a2e74e7fab1dfd1a21dbc.jpg, 0, 0, 1
IMG_3932_JPG.rf.31273665f675520f03c3cba0a76596ea.jpg, 0, 1, 0
IMG_4385_JPG.rf.3166add00f50b8d79e4cdb1e192840a1.jpg, 1, 0, 0
frame_20240315_084649_718405_jpg.rf.335b20af644b40c09deee1a29c09cbce.jpg, 0, 0, 1
PXL_20240114_032100304_jpg.rf.300e450fc3c223a58e3cae9a7d49c7ef.jpg, 0, 1, 0
IMG_3933_JPG.rf.33370a2ffea41e18358531f706d0dc46.jpg, 0, 1, 0
IMG_3855_JPG.rf.30feeb59656b6e487ebc4bbc5663cdd7.jpg, 0, 1, 0
PXL_20240114_031916134_jpg.rf.31dd9c62e301b572b0257a102e3d7447.jpg, 0, 1, 0
frame_20240315_084721_489769_jpg.rf.2f67ba17043f2aefa0551e38641d32a2.jpg, 0, 0, 1
IMG_3752_JPG.rf.31dc9a3a633c05f4a8ec33323deefb56.jpg, 0, 0, 1
frame_20240315_084717_484074_jpg.rf.2c82e25e349a8759bbdbe019c487a455.jpg, 0, 0, 1
IMG_4408_JPG.rf.2fe58100d149658f19dc95896805002a.jpg, 1, 0, 0
IMG_4014_JPG.rf.2fdbf0e6a224b87a27879f1a5b2eb5c3.jpg, 0, 1, 0
IMG_4006_JPG.rf.327d093db226a74d5c61f3468efd75f7.jpg, 0, 1, 0
IMG_4382_JPG.rf.33116ce6a60650e0624b40a4b6d2b47c.jpg, 1, 0, 0
IMG_3676_JPG.rf.3384ebbbf369854caea440d7e1b62bbd.jpg, 0, 0, 1
IMG_4353_JPG.rf.3178a3395fc384ab90a64c5bd2d0699f.jpg, 1, 0, 0
frame_20240315_084915_039456_jpg.rf.33b239b98d30f54fbda80263ce5a4586.jpg, 0, 0, 1
frame_20240315_084614_525428_jpg.rf.332521e7e377b3e0e157493071bde7ad.jpg, 0, 0, 1
IMG_4068_JPG.rf.3152c4b07e1d09529822ca31fd7d440c.jpg, 0, 0, 1
frame_20240315_013202_109662_jpg.rf.33f29a5d4a481fd4646adf2b2cb60853.jpg, 0, 0, 1
IMG_20240211_190032_jpg.rf.32bf399e0473eb531834dfadbe9114c5.jpg, 1, 0, 0
IMG_4412_JPG.rf.341ddd4a1820fa9fb6d7645a1e763ae5.jpg, 1, 0, 0
IMG_3711_JPG.rf.3220465c1a594acbffcac04474b33488.jpg, 0, 0, 1
frame_20240315_084605_022572_jpg.rf.343403a7e058c284c347e421bb2c896e.jpg, 0, 0, 1
PXL_20240114_032135214_jpg.rf.340d273d20b9e01bab01741f53875cff.jpg, 0, 1, 0
IMG_3882_JPG.rf.329b9b6624cd5c4ff3f74352579a4924.jpg, 0, 1, 0
IMG_4341_JPG.rf.344add1b51625894042301bef00d0625.jpg, 1, 0, 0
IMG_4473_JPG.rf.344ee2368fb2b280d0928b7ce0af7935.jpg, 1, 0, 0
frame_20240315_084649_135714_jpg.rf.3430ebafbc5bd9907040bc6e528a053a.jpg, 0, 1, 0
IMG_4498_JPG.rf.34e42ff62c2a51cc633bca52b7c57b54.jpg, 1, 0, 0
IMG_3899_JPG.rf.34d030fac7923e773bee53e96a9a9717.jpg, 0, 1, 0
IMG_3759_JPG.rf.345af6167c3fef1cdfc55838ba3a5a9a.jpg, 0, 0, 1
IMG_20240211_190506_jpg.rf.34ede4faca6e5abe26dc5c4e0d51a468.jpg, 1, 0, 0
IMG_3981_JPG.rf.347a624fb3e446259fe1208eaf77ed6c.jpg, 0, 1, 0
IMG_3900_JPG.rf.34e84e79f71461cb874ad5cfd8cc106b.jpg, 0, 1, 0
IMG_4432_JPG.rf.3522576d5ac74c73f289f18426f5b948.jpg, 1, 0, 0
